obs	T9	T12	T15	Ne9	Ne12	Ne15	Vx9	Vx12	Vx15	maxO3v
601	15.6	18.5	18.4	4	4	8	0.6946	-1.7101	-0.6946	84
602	17.0	18.4	17.7	5	5	7	-4.3301	-4.0	-3.0	87
603	15.3	17.6	19.5	2	5	4	2.9544	1.8794	0.5209	82
604	16.2	19.7	22.5	1	1	0	0.9848	0.3473	-0.1736	92
605	17.4	20.5	20.4	8	8	7	-0.5	-2.9544	-4.3301	114
606	17.7	19.8	18.3	6	6	7	-5.6382	-5.0	-6.0	94
607	16.8	15.6	14.9	7	8	8	-4.3301	-1.8794	-3.7588	80
610	14.9	17.5	18.9	5	5	4	0.0	-1.0419	-1.3892	99
611	16.1	19.6	21.4	2	4	4	-0.7659999999999999	-1.0261	-2.2981	79
612	18.3	21.9	22.9	5	6	8	1.2856	-2.2981	-3.9392	101
613	17.3	19.3	20.2	7	7	3	-1.5	-1.5	-0.8682	106
614	17.6	20.3	17.4	7	6	8	0.6946	-1.0419	-0.6946	101
615	18.3	19.6	19.4	7	5	6	-0.8682	-2.7362	-6.8944	90
616	17.1	18.2	18.0	7	7	7	-4.3301	-7.8785	-5.1962	72
617	15.4	17.4	16.6	8	7	7	-4.3301	-2.0521	-3.0	70
618	15.9	19.1	21.5	6	5	4	0.5209	-2.9544	-1.0261	83
620	21.0	24.6	26.9	0	1	1	-0.342	-1.5321	-0.684	121
621	16.2	22.4	23.4	8	3	1	0.0	0.3473	-2.5712	145
622	19.7	24.2	26.9	2	1	0	1.5321	1.7321	2.0	81
623	23.6	28.6	28.4	1	1	2	1.0	-1.9284	-1.2155	121
624	20.4	25.2	27.7	1	0	0	0.0	-0.5209	1.0261	146
625	27.0	32.7	33.7	0	0	0	2.9544	6.5778	4.3301	121
626	24.0	23.5	25.1	4	4	0	-2.5712	-3.8567	-4.6985	146
627	19.7	22.9	24.8	7	6	6	-2.5981	-3.9392	-4.9239999999999995	108
628	20.1	22.4	22.8	7	6	7	-5.6382	-3.8302	-4.5963	83
629	19.6	25.1	27.2	3	4	4	-1.9284	-2.5712	-4.3301	57
630	19.5	23.4	23.7	5	5	4	-1.5321	-3.0642	-0.8682	81
701	18.8	22.7	24.9	5	2	1	0.684	0.0	1.3681	67
702	24.1	28.4	30.1	0	0	1	2.8191	3.9392	3.4641	70
703	26.6	30.1	31.9	0	1	4	1.8794	2.0	1.3681	106
704	19.5	18.8	17.8	8	8	8	0.6946	-0.866	-1.0261	139
705	16.8	18.2	22.0	8	8	6	0.0	0.0	1.2856	79
706	20.8	23.7	25.0	2	3	4	0.0	1.7101	-2.7362	93
707	17.5	18.2	22.7	8	8	5	-3.7588	-3.9392	-4.6985	97
708	18.1	21.2	23.9	7	6	4	-2.5981	-3.9392	-3.7588	113
709	19.2	22.0	25.2	4	7	4	-1.9696	-3.0642	-4.0	72
710	19.4	20.7	22.5	7	8	7	-6.5778	-5.6382	-9.0	88
711	19.2	21.0	22.4	6	4	6	-7.8785	-6.8937	-6.8937	77
712	13.8	17.3	18.5	8	8	6	1.5	-3.8302	-2.0521	71
713	14.3	14.5	15.2	8	8	8	0.684	4.0	2.9544	56
714	15.6	18.6	20.3	5	7	5	-3.2139	-3.7588	-4.0	45
715	16.9	19.1	19.5	5	5	6	-2.2981	-3.7588	0.0	67
716	17.4	20.4	21.4	3	4	6	0.0	0.3473	-2.5981	67
717	15.1	20.5	20.6	8	6	6	2.0	-5.3623	-6.1284	84
718	15.1	15.6	15.9	8	8	8	-4.5963	-3.8302	-4.3301	63
719	16.7	19.1	19.3	7	6	4	-2.0521	-4.4995	-2.7362	69
720	16.9	20.3	20.7	6	6	5	-2.8191	-3.4641	-3.0	92
721	18.0	21.6	23.3	8	6	5	-3.0	-3.5	-3.2139	88
722	18.6	21.9	23.6	4	7	6	0.866	-1.9696	-1.0261	66
723	18.8	22.5	23.9	6	3	2	0.5209	-1.0	-2.0	72
724	19.0	22.5	24.1	2	4	6	0.0	-1.0261	0.5209	81
725	19.9	26.9	29.0	3	4	3	1.0	-0.9397	-0.6428	83
726	23.8	27.7	29.4	1	1	4	0.9397	1.5	0.0	149
727	24.0	28.3	26.5	2	2	7	-0.342	1.2856	-2.0	153
728	23.3	27.6	28.8	4	6	3	0.866	-1.5321	-0.1736	159
729	25.0	29.6	31.1	0	3	5	1.5321	-0.684	2.8191	149
730	24.9	30.5	32.2	0	1	4	-0.5	-1.8794	-1.2856	160
731	20.5	26.3	27.8	1	0	2	-1.3681	-0.6946	0.0	156
801	25.3	29.5	31.2	1	4	4	3.0	3.7588	5.0	84
802	21.3	23.8	22.1	7	7	8	0.0	-2.3941	-1.3892	126
803	20.0	18.2	23.6	5	7	6	-3.4641	-2.5981	-3.7588	116
804	18.7	20.6	20.3	6	7	7	-5.0	-4.9239999999999995	-5.6382	77
805	18.6	18.7	17.8	8	8	8	-4.6985	-2.5	-0.8682	63
806	19.2	23.0	22.7	8	7	7	-3.8302	-4.9239999999999995	-5.6382	54
807	19.9	21.6	20.4	7	7	8	-3.0	-4.5963	-5.1962	65
808	18.7	21.4	21.7	7	7	7	-5.6382	-6.0622	-6.8937	72
809	18.4	17.1	20.5	3	6	3	-5.9088	-3.2139	-4.4995	60
810	17.1	20.0	20.8	4	5	4	-1.9284	-1.0261	0.5209	70
811	17.8	22.8	24.3	1	1	0	0.0	-1.5321	-1.0	77
812	20.9	25.2	26.7	1	5	2	-1.0261	-3.0	-2.2981	98
813	18.8	20.5	26.0	8	7	1	-0.866	0.0	0.0	111
814	23.5	29.8	31.7	1	3	5	1.8794	1.3681	0.6946	75
815	20.8	23.7	26.6	8	5	4	-1.0261	-1.7101	-3.2139	116
819	18.8	21.1	18.9	7	7	8	-5.3623	-5.3623	-2.5	86
820	17.8	21.3	24.0	7	5	5	-3.0642	-2.2981	-3.9392	67
821	20.6	24.8	27.0	1	1	2	1.3681	0.8682	-2.2981	76
822	21.6	26.9	28.6	6	6	4	1.5321	1.9284	1.9284	113
823	22.7	28.4	30.1	5	3	3	0.1736	-1.9696	-1.9284	117
824	19.8	27.2	30.8	4	0	1	0.6428	-0.866	0.684	131
825	25.0	33.5	35.5	1	1	1	1.0	0.6946	-1.7101	166
826	20.1	22.9	27.6	8	8	6	1.2856	-1.7321	-0.684	159
827	21.0	26.3	26.4	7	4	5	3.0642	2.8191	1.3681	100
828	21.0	24.4	26.8	1	6	3	4.0	4.0	3.7588	114
829	16.9	17.8	20.6	7	7	7	-2.0	-0.5209	1.8794	112
830	17.5	18.6	18.7	7	7	7	-3.4641	-4.0	-1.7321	101
831	16.5	20.3	20.3	5	7	6	-4.3301	-5.3623	-4.5	76
901	17.7	20.2	21.5	5	5	3	0.0	0.5209	0.0	59
902	17.3	22.7	24.6	4	5	6	-2.9544	-2.9544	-2.0	78
903	15.3	16.8	19.2	8	7	5	-1.8794	-1.8794	-2.3941	76
904	15.9	19.2	19.5	7	5	3	-6.1284	0.0	-1.3892	55
905	16.2	18.9	19.3	2	5	6	-1.3681	-0.8682	1.7101	71
906	18.3	18.3	19.0	7	7	7	-3.9392	-1.9284	-1.7101	66
907	16.9	20.8	22.5	6	5	7	-1.5	-3.4641	-3.0642	59
908	17.3	19.8	19.4	7	8	8	-4.5963	-6.0622	-4.3301	68
912	14.2	22.2	22.0	5	5	6	-0.866	-5.0	-5.0	62
913	15.8	18.7	19.1	8	7	7	-4.5963	-6.8937	-7.5175	78
914	15.2	17.9	18.6	6	5	1	-1.0419	-1.3681	-1.0419	74
915	17.1	17.7	17.5	6	7	8	-5.1962	-2.7362	-1.0419	71
916	15.4	17.7	16.6	4	5	5	-3.8302	0.0	1.3892	69
917	13.7	14.0	15.8	4	5	4	0.0	3.2139	0.0	71
918	12.7	14.3	14.9	8	7	7	-2.5	-3.2139	-2.5	60
919	14.8	16.3	15.9	7	7	7	-4.3301	-6.0622	-5.1962	42
920	15.5	18.0	17.4	7	7	6	-3.9392	-3.0642	0.0	65
921	11.3	19.4	20.2	3	3	3	-0.1736	3.7588	3.8302	71
922	15.2	19.7	20.3	2	2	2	4.0	5.0	4.3301	96
923	14.7	17.6	18.2	1	4	6	5.1962	5.1423	3.5	98
924	13.3	17.7	17.7	7	7	6	-0.9397	-0.7659999999999999	-0.5	92
925	13.3	17.7	17.8	3	5	6	0.0	-1.0	-1.2856	76
927	16.2	20.8	22.1	6	5	5	-0.6946	-2.0	-1.3681	71
928	16.9	23.0	22.6	6	4	7	1.5	0.8682	0.8682	77
929	16.9	19.8	22.1	6	5	3	-4.0	-3.7588	-4.0	99
930	15.7	18.6	20.7	7	7	7	0.0	-1.0419	-4.0	83
