	0	1	2	3	4	5	6
0	0.6602546747265364	0.5103186495044949	0.1845281444375058	1.5160500991232257	0.5361500670827994	0.3090803940659962	0.42297146867619606
1	0.47179183193933855	0.3709757327188314	0.10398445281206148	0.5503407488087719	0.24153968456242758	0.151062536960828	0.13787007754138267
2	0.4799983968164584	0.3503087032292375	0.13196208745041788	0.5669852781062428	0.2617997718774272	0.12737918652105526	0.17933705228256708
3	0.5795129494983392	0.46845525539896965	0.12007551626430762	1.0172623554402989	0.47418459905589033	0.2433184872786753	0.2739978364221833
4	0.48196176797471657	0.37531076372026867	0.12842070422920748	0.5712558376537262	0.2651845070154143	0.12261846538943541	0.1583917647288563
5	0.5553355614251226	0.46361748450120077	0.17982862658750035	1.2384409587926208	0.3204075874561029	0.21187997552757426	0.521071899939759
6	0.49324899538156153	0.3805824062039134	0.12663718497280826	0.5775260999063432	0.2721281857782295	0.12147522803766615	0.16375991044887658
7	0.3209600622688737	0.22875271394216076	0.08351915719379832	0.17291572507954175	0.07355731491608056	0.03812300877161767	0.057539561610790144
8	0.6977479134083493	0.5340460929989732	0.2072473412517163	1.7933744744169198	0.8238336848162549	0.39741560104531315	0.4619932182032227
9	0.4725747684613872	0.3759028357838137	0.13148258966752394	0.6032042640118981	0.24052400428416443	0.12041479296378951	0.16875398756775312
10	0.533710253962443	0.4532666023171221	0.12505555072934146	0.9032763918038135	0.42558440115570634	0.19857420360027841	0.24220839308093203
11	0.3591602747901299	0.2708568298219596	0.08319479288328854	0.2639916984183295	0.08405442062173092	0.06076571684959051	0.16021510610862688
12	0.6685756220514775	0.5398079340335395	0.1893982509556681	1.4744883318646045	0.5722225031316206	0.29239878147591347	0.47652116312764686
13	0.6097434773056105	0.47655423930192425	0.16135173417461762	1.2530706927742707	0.5934757767499511	0.247290761610302	0.3118645363038982
14	0.6838479667764992	0.5470242163592649	0.21331086260324555	1.7618123495081632	0.6160004934831113	0.31617523618066184	0.627264105986194
15	0.5810771248353928	0.478346896470183	0.16441873020008624	1.0471348088797168	0.4569696717779023	0.21222077397670028	0.3020045120468275
16	0.4865308231631032	0.3717452985800604	0.11879587535669814	0.5330110510696144	0.2091923465753558	0.13022138023997445	0.1589308776492978
17	0.3676953855335031	0.2686446958767501	0.09368094898998437	0.22452257088161948	0.09684991144063133	0.0496447573099293	0.06791784392737601
18	0.6475929142648041	0.49239600225096625	0.1583961128487199	1.0173510571102609	0.45397469170865584	0.2349490209260636	0.28738109286235203
19	0.6179541699852367	0.47943439522025244	0.16956268974385355	1.1525426532377636	0.47011585558516455	0.26219501329600803	0.3664035384435647
20	0.47298638079198174	0.3495576979029341	0.10955899839296716	0.5288309940033826	0.24709506384301172	0.10484250846037023	0.14308415409452113
21	0.4830238030388566	0.3834516495682282	0.138346380971999	0.5215335016726279	0.19738632860497882	0.1424097160209246	0.17401837234075654
22	0.6209915938275238	0.49139689193771724	0.17197690479351102	1.2064638272470207	0.49006506880551587	0.2367710372627167	0.394922253942642
23	0.5961973819207564	0.48425346411583414	0.15894781860465987	1.193552588711106	0.5168202799603532	0.2715206356671645	0.3410445844732426
24	0.39210923332380265	0.2864218378250467	0.09383521719851931	0.2488909122800466	0.0944890377899846	0.04654030846785192	0.07358478526592953
25	0.5667913882528304	0.41439820759504215	0.15021239043956508	0.8709769338546538	0.4153868633875021	0.23113287670161609	0.19656359888009112
26	0.3883107629723242	0.29008129512696107	0.11870743214965859	0.32614598568581366	0.12801054958082675	0.06582515174951227	0.10572709734341731
27	0.5819296678192615	0.45841224125312297	0.174814592614339	0.9386944282107096	0.44996470511289177	0.19318853697827476	0.2650848008722013
28	0.6593303771882023	0.5220533648911796	0.16828585021695094	1.3325518924727644	0.5537957671506792	0.35681468949954276	0.3453032039942783
29	0.7027780934461028	0.547589327287816	0.1664900246783943	1.3438936204063863	0.5956568378968867	0.301036338977892	0.38164297501046957
30	0.45625648117326595	0.33653291116871764	0.10556109878934028	0.4434857518855766	0.20688661674643838	0.10214055978591666	0.13989720988918386
31	0.6280990870732996	0.5031494103166754	0.17582863480426153	1.2027689928813274	0.5228419980336241	0.23605011905063963	0.37390891944273363
32	0.6848440416372634	0.5569209915696666	0.2056542044077774	1.963652922411698	0.7308502094326143	0.35782024120799627	0.45995126383487317
33	0.5668554973418328	0.45390165104953006	0.1550667711976782	0.9396431197670554	0.45145022780537314	0.17024868982074193	0.2556549085426075
34	0.6305981114149132	0.5148706769314135	0.15814989533490667	1.062622771213085	0.41404822888285	0.24292619997220086	0.3652291171655975
35	0.5572008371674174	0.43207243809694834	0.13253789777922315	0.8253093587919413	0.4103789169142008	0.12676242083239544	0.24931285506188267
36	0.6155886301032025	0.4913174485178171	0.16306901802814577	1.2237352404752273	0.4173532428784395	0.2881426391501695	0.3842318750887319
37	0.7455236023822847	0.5930861340887843	0.18961123214128592	2.0038003179246915	0.8582260703169866	0.4450051149042359	0.5916919777673896
38	0.5429673584633967	0.40596939024872236	0.13539011507716958	0.6890766468940197	0.26618398882790756	0.17041101670978465	0.19709206550459307
39	0.3003662885393713	0.22510153791159895	0.09215425995163228	0.158736752313913	0.0620234962354726	0.03368144645843657	0.03611314917639009
40	0.6316301529860405	0.49621254965089684	0.19901069490714604	1.1951815159946342	0.6272945815198228	0.2655784066683601	0.2867566686644457
41	0.4940847517702366	0.4107760941445115	0.15172909146866642	0.6813479069850674	0.2618987340032508	0.1623970117666387	0.2663928640440235
42	0.49157078344232646	0.39682607699754396	0.15374567276658463	0.8185228018647753	0.23069473307972385	0.11746343935942948	0.34778553519340655
43	0.44625086053717034	0.34737143976539164	0.11951161123454072	0.42335585936621284	0.16555840424269258	0.09107172972641989	0.12424404932833712
44	0.5112390277797837	0.4098957540106229	0.1450597827646009	0.7123283180441249	0.31235622989598566	0.17173121758097076	0.16927148884162357
45	0.51436763082171	0.4077876925114643	0.15015129962176177	0.6648817896525706	0.29633658189007844	0.154390806850423	0.21726093280792994
46	0.5584487982493235	0.4282945085308657	0.12995452301835644	0.7611379362160118	0.3858976096675123	0.1877575880468001	0.15869895558101366
47	0.29517565565165865	0.21787527051972463	0.06636842507953856	0.10470660784543426	0.05755654178082749	0.033207521954714755	0.027508646422091082
48	0.5903813218310203	0.4576490797534167	0.16460290873476277	1.2706966701199682	0.4654483759014441	0.1962542203464519	0.44413484695366906
49	0.5948263712377744	0.4291604144541393	0.16226300655164633	1.0037209120534007	0.3657585018522532	0.176940895951723	0.2730764512387507
50	0.5976827889630676	0.4733601165195671	0.1758546788113913	1.1583706353779104	0.40615871776183077	0.3533939903800682	0.3422740895082072
51	0.6468624883469386	0.50636929998181	0.18904473007812506	1.3235555654746882	0.557796110227024	0.320534914948388	0.3895691419777394
52	0.3079467118049946	0.23478476697195264	0.07195751128549988	0.1694553080309275	0.06944339400986309	0.035098922171211036	0.04969920492895287
53	0.7211044654139989	0.5352311476757714	0.21287584188006445	1.8793312979348364	0.8553238365467903	0.4139074386344816	0.4796595223171665
54	0.5960819146454477	0.45735312798570016	0.1546809994116308	0.9706153620992679	0.4355720491653528	0.17296702115162732	0.27524297612096593
55	0.723118874706907	0.5927161490963726	0.22337690441493685	2.1044907347137918	1.0380503303353208	0.4702915122148116	0.5304068758438005
56	0.7305682032792298	0.5655518580006551	0.20319330865019847	2.1720212399506402	0.9640728350385084	0.4624388052244171	0.5600961006295178
57	0.6549352388089812	0.5109614147219672	0.16906179341845223	1.2038172112286973	0.4548873314897167	0.2436689185428501	0.36921153221971426
58	0.5786284353323728	0.4569764612483951	0.14343502475865025	1.0257864674126291	0.38277125126373734	0.22697597385357107	0.36532183293693987
59	0.6099450017644016	0.49489110656004426	0.18384932329025405	1.153064358256926	0.4673886115850971	0.29445570204538235	0.3675050433692216
60	0.5352145039286232	0.42896938799268275	0.14361138665134054	0.7779283476791663	0.31252054400302265	0.1366070596484544	0.2549776292726713
61	0.6522339667596924	0.5228048048976334	0.17958405289411766	1.4790244768853915	0.5463962941307432	0.30683042540399347	0.42220745755573774
62	0.5541042060179033	0.441798222846023	0.15027433937174203	0.7400886300468573	0.31103108861037254	0.17821683932206417	0.2612415226998676
63	0.5024337367514832	0.39388338902060555	0.13377618627230117	0.7137651760655797	0.2901466942348676	0.16496498819309427	0.17520667948406182
64	0.5019832923195692	0.4019086252852318	0.133208462377225	0.6597894303021239	0.25455689085843813	0.14720513426960619	0.18800321464080347
65	0.5053533993003676	0.4108394398725728	0.13894172112745082	0.8988288378691809	0.27827624878329704	0.17863569542953664	0.2779925319704978
66	0.6011464290140919	0.456057290800972	0.1655090339729149	1.0401780349880188	0.4853468389086477	0.20803765361752968	0.26987121459218916
67	0.536870702433622	0.42821282203863836	0.1507117203714795	0.8660364723168194	0.35634791069732746	0.19492633617600652	0.3096561926873489
68	0.5873774005707181	0.4663452778851734	0.16997574089838022	1.1465097137491804	0.4750577701870619	0.2397804082634793	0.299601908107545
69	0.2735895920590763	0.21047916730657046	0.06900496306904942	0.13764505187138215	0.0482314290497562	0.04318166508939324	0.03692581449172799
70	0.38822679885141836	0.2546625169166326	0.10315025804135677	0.33258116097274565	0.14677788278684079	0.06952442343493323	0.10473261633973154
71	0.7095983839319093	0.5473050864228283	0.17029861584813322	1.2128144193085124	0.656000558775713	0.24050957463172468	0.2968236249875471
72	0.639053659508906	0.4807142476395143	0.15537682137321224	1.3878261155401819	0.6367689896843313	0.45281081678662466	0.3393731714573742
73	0.604359931254158	0.4832537754374519	0.1689066804283051	1.1539298640735938	0.5220309050174623	0.2804995755958226	0.31929312821015804
74	0.4758612084199883	0.3723015268909136	0.10304131501707893	0.4440225627114055	0.184148771441383	0.09987366055413	0.14450315856996215
75	0.4802124967769268	0.3848818298632214	0.1290964974967879	0.4990821789848763	0.2299697298234103	0.11113675025540613	0.181187444580127
76	0.581290532404113	0.475878444153895	0.1670270563569421	1.039335452021851	0.43005622248978675	0.27069400908606006	0.31776995676656417
77	0.5747253875856301	0.42631745947035266	0.14011143825083355	0.7199149161767768	0.31916693103188	0.10226826063598604	0.22767640960783467
78	0.49088652058113286	0.40436069742519776	0.15306920065656826	0.821871233440248	0.25459457500347726	0.11497642618103993	0.35413289159175854
79	0.483818655753555	0.36538219667408783	0.10822454150756149	0.5283961510925554	0.2774342140836151	0.09309595390448248	0.14224884116290237
80	0.38425727475982274	0.28698932298242186	0.09502748309251939	0.28008103405668494	0.11395688289266175	0.06462500562048862	0.08043599485387501
81	0.5619267703075241	0.43938251348717805	0.1497188611125999	0.757357776003734	0.3392275824229308	0.15692916744603408	0.21600044378643765
82	0.5152555571800723	0.43591975318745346	0.14159670358850235	0.8204498119751111	0.37082018985813564	0.19718565255769047	0.23389148418609065
83	0.6884069348393791	0.551696856830839	0.19261638725172292	1.453246504607914	0.5856741751075231	0.28987737135495195	0.5058600552805976
84	0.5269097005687395	0.4038237202308707	0.13576456779377633	0.7058277245123115	0.33797798813392904	0.1725025571485387	0.17945003652591252
85	0.6176295818672263	0.49035954093978595	0.18978418350355652	1.2967630171299886	0.5780930355356084	0.31475748171034007	0.3373310579036957
86	0.6547481831928987	0.5017468391314758	0.19781706024963858	1.4188191517397943	0.6775929536870344	0.38222378528373696	0.3591994912600186
87	0.6274054069228796	0.4819808975473105	0.17609389172496784	1.0523831307325533	0.4969580806618452	0.25594230290505776	0.2815828927160183
88	0.35160390996431823	0.28387543748907557	0.07688216954439572	0.1923738293085609	0.09400460004179578	0.03493421375974971	0.06811324768892549
89	0.5270079442791024	0.3890569915633944	0.21768665276714816	1.2946621348493763	0.5315452898152097	0.3058154982425834	0.3631115925096579
90	0.29902940589810667	0.2178104423397627	0.0644729154825867	0.16566229671413302	0.07872733621586511	0.02316492502882632	0.039651808631193254
91	0.26734990048524065	0.19880102981979428	0.06772480841263019	0.13026352497518578	0.06797451276709311	0.021209113714832195	0.024526281471725003
92	0.6412938477068707	0.4919363018657652	0.1359408553127401	0.9331425835161008	0.36533501706425364	0.20270300568328245	0.2645366827866334
93	0.6124862452731363	0.4804278281710053	0.15477858986604706	1.2108547632540108	0.5504010057352988	0.2412518420151874	0.3255675676411867
94	0.57261226604041	0.44426666858919817	0.14989326820726806	0.903469978642485	0.39811558916308815	0.1877324810176902	0.2427818475326735
95	0.5142043764321492	0.39801808765793717	0.16098767851857243	0.6914676846689113	0.25483854984223736	0.21003621800892125	0.17098306470917993
96	0.6727988427921946	0.53457965086936	0.17463083836594287	1.3048411071436812	0.6933968570092455	0.26685815998431717	0.31557721831471836
97	0.6856673705119315	0.5396438910239701	0.1888765841923707	1.5912963028093607	0.7098597616313712	0.40412722517846467	0.3958894755926609
98	0.26491573238391625	0.18482397538881445	0.054842929108941035	0.08749100935187952	0.04389872230427898	0.01646887677393174	0.03058906131115552
99	0.5848462641771841	0.4720419065726861	0.14456333004168703	1.0177862773580546	0.44499743095207045	0.2145762509360095	0.28635538296722096
100	0.4248795797369857	0.318080088302224	0.09905648721411053	0.39530507681664545	0.16554792469892796	0.07668341503523687	0.09209438777700975
101	0.4923758796590337	0.3689785633176224	0.12486358744324036	0.627233704642239	0.32293665824298606	0.12515618850545973	0.16821067917835497
102	0.6823345993671851	0.5305594008622742	0.17895328022633739	1.242081835278985	0.5625494098384246	0.24127127251855746	0.36302418262783714
103	0.6854531075485903	0.5475792413416973	0.2031075025346842	1.6766074466775398	0.6772896259593215	0.3544887489559152	0.5262346701718077
104	0.3704553597914362	0.2696170794125662	0.09830833274722471	0.1991383267223839	0.10666065176139415	0.04917876318581607	0.07237435653126158
105	0.6233163253906285	0.4957626156357632	0.17798625657671696	1.254593788737609	0.5710859123445343	0.24288961872418788	0.37156754643940354
106	0.4344560274624533	0.3285287189102795	0.12334475685025653	0.4510210088369654	0.24262537218453545	0.08733141410420295	0.10164576432884168
107	0.649568160913202	0.5170088324883001	0.15357763396241875	1.1991063302596356	0.5750227205547179	0.2940570271326912	0.3077669683232676
108	0.7288500462053015	0.5894317195681655	0.17921415861166434	1.6436499369592972	0.695354687287674	0.39198582502116697	0.5433680318383179
109	0.6279682109194951	0.49144201606265736	0.17638639934467237	1.0858954425006755	0.48245484994384047	0.26083737190936884	0.33135282624123025
110	0.6343244447757371	0.4870254448275732	0.15273022913425752	1.2622640757071237	0.4382337433413094	0.3206255300749238	0.34343938945384217
111	0.7364829668305896	0.593849406367229	0.1861232962034635	2.1158215042531947	0.9649904062981641	0.5530750407536964	0.49635336982597544
112	0.29419710745631755	0.21730983561951644	0.0872814498993584	0.11243550547024905	0.07543195550541446	0.0214196208329848	0.04506600072261256
113	0.4829362107829709	0.35532528160723686	0.1133892023805528	0.5230255637973099	0.26184971324393735	0.09856518827334267	0.1156724133789882
114	0.6659096184266599	0.5163640606824819	0.19916023889430245	1.5282202737234614	0.7032810303978979	0.32489392791346244	0.46335422358593525
115	0.6456106129009552	0.49143782584185014	0.15754873163895383	1.1605451646924316	0.48072784849724987	0.27033330920152987	0.35233819503123087
116	0.4979444791740273	0.4073342786479254	0.1273931825402854	0.7193093839607128	0.2965402927416752	0.15177200812616887	0.2006410085524035
117	0.46967568593932996	0.3781546978733175	0.13300529216043347	0.4731032615052481	0.18140760288525343	0.08315692940110717	0.17974869924109887
118	0.4986120850638177	0.39371248080589677	0.11971962958028118	0.7604106709151646	0.43539015042341334	0.14901268462586886	0.1423343019320544
119	0.5739508077164428	0.45580850037971266	0.13878440527838143	0.8675120935331662	0.35397476918884074	0.17040332165839245	0.23506496771785995
120	0.3800641913621923	0.2908931520554158	0.08433781401560735	0.24697272326503664	0.10293511894758675	0.057303585936760784	0.06827714131026304
121	0.5252855256325025	0.3952431443952273	0.1193157999272895	0.6027316240982836	0.2617554686530001	0.1312684066821939	0.18821833923304762
122	0.6006969420864945	0.4805666037066782	0.16194209275756097	1.0936476343500545	0.48446644976880354	0.259025968053646	0.29895796762251114
123	0.502138025986424	0.3976479141873307	0.12406029900724658	0.7697856061486749	0.3599995533169139	0.1330505738883319	0.18490541632280152
124	0.6168784647349025	0.5075801414098012	0.1729184617944118	1.1692538710555953	0.5099607505384902	0.3042981917154388	0.3513140613813195
125	0.44560666902237006	0.34349375466856574	0.11929831856383215	0.46127528561647335	0.2008479888357258	0.09106466846546268	0.12035286416339454
126	0.4529516373460481	0.38613452230704337	0.11979925965026514	0.5341456038772421	0.21532516581224312	0.0916548303621152	0.17930883013858126
127	0.511601062615161	0.3899899072992318	0.11039348439525459	0.5584890215449713	0.2631882659024391	0.16689282261489063	0.1380842382968316
128	0.6628070310874239	0.5294707572569284	0.16405375387567805	1.3121582763886515	0.5722030632815784	0.12765874354138773	0.3986769290737664
129	0.49623094332927786	0.3832442891434063	0.11724528324951078	0.5925426421336046	0.23708261527271157	0.12708096016344655	0.18302087974347742
130	0.7341649611125735	0.559601449264161	0.18803590903040623	1.8598873247244023	0.9189064599831223	0.37192730089929493	0.4703060308843147
131	0.5967293021080595	0.48092999169731465	0.15703741893772297	1.0598639680847477	0.4748699888415765	0.24913122742556867	0.30818561739886335
132	0.4557504625412343	0.36357596818884463	0.10597201849059643	0.49903726372288215	0.25914857904067795	0.11155335849909673	0.15359711185491226
133	0.6416680123828513	0.4922090658809176	0.20739419716106947	1.4469505087976433	0.6397116918366442	0.3261617687341274	0.38527307114602416
134	0.5328647149630147	0.40579811797608795	0.1678882108958875	0.736361366671265	0.2851082781927556	0.2231196052591078	0.1968365324260317
135	0.32917223976125165	0.246523123341312	0.054860409283906245	0.1979305894865948	0.0803837313656936	0.056740822028152664	0.05757555716058245
136	0.468620847154943	0.37282691907813936	0.11354281451672087	0.5010286336581238	0.22424472067317763	0.1208383236928835	0.1607322448732976
137	0.5110124661555019	0.3812777985237265	0.12293587651540111	0.6144171166663359	0.2352603878111597	0.13054830202570172	0.24403986689480664
138	0.6518387331961539	0.5011991814557577	0.16327409393670533	1.2335219134464466	0.5194632831556615	0.3260814931327298	0.3462987107046379
139	0.5171465349273631	0.3740200719690692	0.10941211876118596	0.6463508849067574	0.2973743625886905	0.1284020513258679	0.15816663790502777
140	0.6638573536543042	0.5135944886993818	0.19215572322281022	1.3883965818485389	0.6223056605048101	0.334173088040652	0.3877502856978279
141	0.6868820974502671	0.5371968940533809	0.20253413722609262	1.5134690489707197	0.5983712828538736	0.37968365865676396	0.4202436667894608
142	0.6808629985521091	0.5159147703815273	0.17392191951613128	1.278118368644328	0.4846894814001757	0.3246504075247455	0.3867262550765238
143	0.5355864525009632	0.4188838913719231	0.12456776017551767	0.8121684872017131	0.37775495503489376	0.13326808127837336	0.216037192652542
144	0.6032425337128318	0.4842336883229161	0.15330243347532677	1.0837967839858755	0.4579074027115445	0.18601091209066858	0.3973575062026581
145	0.49289062532613553	0.3699508210102166	0.10934959456614961	0.554422498386556	0.2806850141417266	0.15074470513732566	0.15919197700146032
146	0.6488819923593481	0.511781931229813	0.16378405103977584	1.2959271508680388	0.5104621417819598	0.2655379448276618	0.4111999668367373
147	0.48490701701394656	0.40633993373363475	0.13714487169679132	0.6968663874657178	0.2895013517887827	0.14131772073540003	0.19239522986831178
148	0.24269978311802473	0.1795925669294618	0.061181493499317494	0.1734825186908965	0.06689210420140423	0.024497959333604356	0.04002423156289041
149	0.6326644858021765	0.5054867658316974	0.19778574904813362	1.5346402760939324	0.49346740547420176	0.2877373384429471	0.4345250734153673
150	0.5203245941991027	0.3846599850645652	0.14674838967603687	0.6093569953938416	0.21546196883479124	0.11028212660451736	0.21161812323655355
151	0.6757876890910937	0.5168147070285811	0.2038779051556548	1.5995298541635092	0.7143619138780982	0.3460652539179119	0.46916867278227153
152	0.3837385949414991	0.29245804987393464	0.08332378950865739	0.22520860671275628	0.1291040774579791	0.04455386475012678	0.08025497103627409
153	0.6189433731296734	0.4931102822164024	0.211518201174958	1.2778086739271177	0.5791141818426728	0.31095842580040667	0.3273947296526639
154	0.4995670164886129	0.3853211573010305	0.14968410510453348	0.5777655770053635	0.28773079963686504	0.10195079400351217	0.16928753659218304
155	0.5553030828498626	0.44635888069227947	0.1437079150248174	0.9642323978738065	0.4138127132333884	0.16099052271610087	0.2840692207217234
156	0.8120435248310425	0.6511299154260223	0.2008688117300579	2.6296218592354346	0.9630038190331459	0.6150594118728943	0.6543963669622759
157	0.4610794556300316	0.35604010830717353	0.12499833025950707	0.5011811939726581	0.2243468568628379	0.10402963122730853	0.14982832288466782
158	0.428375769431222	0.320708342524812	0.10865338164670908	0.3720632547076093	0.18061616851157367	0.09998305585130018	0.11182565496655508
159	0.6640483860067165	0.5271303388649674	0.20082475041886713	1.581290768213454	0.72104318986651	0.3169411835582558	0.4617263737964167
160	0.6146660356630091	0.4798467494154625	0.15747274189267277	1.147281316261433	0.522305865431981	0.2363801043106058	0.30818951107565296
161	0.38121365296050536	0.279966608115643	0.09607039655400446	0.2595423830054462	0.1108220230726012	0.062816889261287	0.06767547582999534
162	0.5346175857687829	0.41861490838573434	0.1419889691653002	0.751440711352155	0.36328305273515105	0.18327699977582276	0.1748412646413582
163	0.31296043396996687	0.22760978202828883	0.06611457352276211	0.21553219714362476	0.09366646309454613	0.037358338312766165	0.05479301712240125
164	0.7452839177523192	0.5773140328718672	0.2114736264349938	2.284713293338779	1.1267383330137017	0.5236309520291139	0.5517544514623329
165	0.47686830400393043	0.3776620709353524	0.12310885629065235	0.5918406191614134	0.297479929617136	0.156213804440117	0.14349248723937785
166	0.352015359038405	0.26924711074067	0.09591738491229676	0.3235503408850159	0.1271567687512164	0.06536550929709406	0.0813802768730985
167	0.7182490599273289	0.5728453662721426	0.21455745588283476	1.53385126768477	0.6899352100935541	0.3469090665934418	0.4943738208469062
168	0.6426626046778134	0.5260215263641246	0.1758724253507863	1.2956927871428865	0.6045354170593168	0.2797833011843475	0.3783860527880062
169	0.6583647485193993	0.5135931037938738	0.19757713635568955	1.4241548043970325	0.7017176484184235	0.37842124741382205	0.37694807912672157
170	0.6243492221162991	0.5215893423330418	0.1658288404731392	1.0769284175442806	0.43575966754853446	0.19430867649347616	0.34923410834626584
171	0.5523219651465833	0.4238443344688344	0.14950563572457132	1.1078869903785322	0.3240911599444444	0.2254869464810697	0.3703008177696967
172	0.47287904078045384	0.3715750242581563	0.13125049022448285	0.6133884445979312	0.2523865545137121	0.15396238961158312	0.1668949738805466
173	0.6197320110530244	0.4885010346133719	0.15881137503572423	1.0295475322277214	0.5313512068416381	0.21959018437417413	0.24659978312734535
174	0.4279872009706431	0.31883505611573637	0.13526688865329323	0.47045506969611545	0.24373998522797763	0.1130747494460235	0.13571321214016724
175	0.5764529281458846	0.4359740259904466	0.18452830180337162	1.074090962858341	0.3726026136324306	0.20202242468710718	0.3199877882541609
176	0.6917353789377376	0.5317463524963841	0.19218690893453116	1.7044545638656945	0.7713224947876842	0.44166560189948745	0.4606877671401197
177	0.5339910463425699	0.4344794750093139	0.14150462629005356	0.746169509631389	0.3053828455281181	0.15822582435851207	0.21004440316199716
178	0.6273979997635737	0.4936993421459973	0.17852766954833182	1.8520714488190009	0.6564894211658006	0.32767589162385513	0.7186250017908162
179	0.5061827290858706	0.3903448032971659	0.13098793196069936	0.7412335700882418	0.3943062251204259	0.12429441981414192	0.1882413216179773
180	0.6392114907652683	0.5194556508518365	0.08041295090782513	1.0399406096902164	0.5182654797233938	0.1744454053969265	0.1712905022768728
181	0.5797593337471636	0.4630256780541133	0.1520671674479878	1.1382546912133071	0.4953214192141388	0.22462037785628278	0.2790649607122059
182	0.5036517205485301	0.4419835541008322	0.16961022794390054	0.8127246484421143	0.3764538335405808	0.1627526280013514	0.2007536545325379
183	0.4399382439927168	0.35526891249968906	0.12390888592125684	0.44217476223026014	0.18553629292225077	0.10113261293852374	0.13768425343491777
184	0.5372362271248317	0.4101239337787213	0.12623812246260266	0.6876441904664743	0.2718169572877678	0.17096755022014015	0.18613756704116596
185	0.5929562502537753	0.42764628340638927	0.1348521517994184	0.9557614133137549	0.4721006623014794	0.21535681332063683	0.2670106322395664
186	0.5127314847036861	0.43639371941989086	0.14975759837691666	0.6332894719048362	0.29382244742660774	0.15177096542684262	0.2076658174183048
187	0.6013056807328713	0.45934950305907124	0.17656300236898503	1.0844587129932755	0.5963320713319781	0.23449470637301806	0.26089431712624755
188	0.7590278447816536	0.5857002242530275	0.21129967597706112	2.172338606632756	1.0005836806802186	0.5401403294361374	0.5153236374413255
189	0.7209259443609229	0.5693354698030055	0.21684908625786906	1.5538639161367165	0.6815184361999104	0.34157669908600236	0.4865074205986468
190	0.2798019753835518	0.21186891834377514	0.06054293927595629	0.09619536867621914	0.04107782177775624	0.03021377828191925	0.03450244259483705
191	0.6363939546028795	0.4910485039276067	0.22730418024104174	1.361721491792983	0.6719847602433988	0.2671271076829148	0.3237653892419307
192	0.5430044908413014	0.4035901538249065	0.1300789882340171	0.6352385414523888	0.2938065398311714	0.15160850104818327	0.21461964670558922
193	0.5714160762267217	0.44587374587256134	0.15476884456032447	1.1106492563105121	0.4824926662816336	0.2287317697043446	0.2669181034982477
194	0.4857269521858869	0.3772408020829434	0.14959824850633574	0.5727948927263306	0.1847291826956433	0.11307329163482929	0.1890246170526318
195	0.544262701055279	0.43788700289364435	0.1391520623137786	0.8938597330376079	0.43678779226986997	0.19764263726247266	0.2384909596780584
196	0.6712973187957681	0.5226792455336724	0.16458763273332883	1.5041894441393282	0.7690305429769448	0.31048969052939235	0.35316848754869506
197	0.6180311088683542	0.4976749367567312	0.1850064054489519	1.1722402012093864	0.48603500451720927	0.2577394055883949	0.3502167838970508
198	0.5376184571616267	0.4017272153819941	0.14759302725345824	0.6228727602420983	0.23333989197303756	0.12827495830803415	0.20475872657068261
199	0.5175815632835045	0.4015678581971153	0.1280887649509249	0.6874245348732824	0.25456944570340634	0.14125541290402926	0.2643156453348298
200	0.44539017796165425	0.3174537853619295	0.0788616128343063	0.3216717906950439	0.15376447520537212	0.0739045694357147	0.09835621798106414
201	0.6213602700209053	0.488281712788829	0.15433570746351757	0.9775047437765766	0.40219243232153706	0.21024815759816629	0.3217302606376209
202	0.6354225588632166	0.4952867817323807	0.1748970518014497	1.1780247591890884	0.44954863840045933	0.26395679320367355	0.3585466731659878
203	0.5318420450643131	0.3903714767451042	0.11692475960525266	0.5541120759373697	0.2410631300963646	0.13776092268840898	0.15562316986472488
204	0.6073432042385183	0.47122314339601695	0.16359969572140076	1.2057773005978496	0.5662719994322195	0.2746786489480637	0.28935589277330215
205	0.6021369307812411	0.532769993224249	0.16789983838833347	1.3220080124280522	0.6879634026066797	0.26260761517945735	0.327392891809504
206	0.4655444090805952	0.35423800511924625	0.12580316057692492	0.5650829310942185	0.2443627921602886	0.1208398066793074	0.1400864087293024
207	0.6382212276027293	0.5150654061082456	0.18903403612342223	1.4774922411682467	0.40127358456233403	0.3152914937707567	0.5414349737634242
208	0.5783358718094099	0.44992744698382	0.17322835402146478	1.0369875023797264	0.5525751788697776	0.22661205252152047	0.23728374493193516
209	0.36523843213120166	0.26179116759927523	0.08338358437089735	0.22822694723320194	0.08223673289095008	0.05038098590659988	0.06671455251299449
210	0.4393458754356579	0.3282600374401365	0.09959241044223907	0.39289620576769496	0.18081846045330946	0.10734653484768142	0.09205327094723502
211	0.584842647902536	0.4670352474562733	0.16008500426600258	1.2405895419203194	0.47604637305464725	0.24351897278539225	0.3068331136449521
212	0.5309166183165409	0.42418887573858594	0.14192117095016368	0.6426886404718626	0.3190327521624922	0.13863374718645213	0.17617330832271696
213	0.4753913823554831	0.3754699320762899	0.1093395365956674	0.5521208982998363	0.2743969315817213	0.11698671732592525	0.14504917143708262
214	0.6571847551822909	0.5202739410626975	0.1859894101302946	1.2567481978812232	0.4697861423506908	0.2504959176678385	0.4022754030044218
215	0.20452579345240984	0.14539075747688057	0.05471654919974878	0.14822006783391495	0.06197149554257866	0.02235319119351418	0.026073222342586203
216	0.47180181831157936	0.3576064880095096	0.1180307757424891	0.53693254061429	0.24545572404313945	0.1258022791930889	0.1495273493146322
217	0.4929461520521185	0.36184146342875334	0.1253268334612166	0.5899207320181804	0.23793943170081644	0.1546305925157378	0.181811015988794
218	0.5864278584758446	0.4771288797450988	0.14993579638752585	1.0673738016763656	0.5807252553179377	0.18238738220173942	0.2636483827962775
219	0.7213719962741009	0.5629856373497004	0.19854910497786926	1.867334811041838	0.7978076305311035	0.4864323707168774	0.4873201473808234
220	0.7180477891317513	0.5718897136040595	0.16474596877667688	1.7282678595952001	0.7173199005888405	0.32619586578362525	0.4678871145342992
221	0.39356226403817895	0.3059169651860273	0.09155974998743424	0.2966965065896846	0.14703037618000808	0.057222611500966206	0.0971221880262115
222	0.6267253761035539	0.5013645542303811	0.17304889778586788	1.2290032235860406	0.633220101236417	0.24581015559281066	0.3203351332847154
223	0.6894777566980028	0.5407488703334019	0.18771052300150878	1.5347156245046225	0.7131009265062483	0.3093507795546001	0.43243341803633406
224	0.39937472818762115	0.2992914272668536	0.09472196441554133	0.20861468755867674	0.0673830595134628	0.05817562036334206	0.08026081602176453
225	0.5892208253241846	0.4487394211816113	0.13474991598967145	0.837077094817278	0.31745550955348467	0.21230651631576386	0.2446475812784396
226	0.6948903316043067	0.560312585354403	0.18410229154067279	1.768988773768022	0.7361718835818716	0.4141673869434726	0.6095822394687163
227	0.7465202186292952	0.6126029013222111	0.22302575057586177	1.8116933454868616	0.7680923505928854	0.43024440848323636	0.581291719528777
228	0.4877673809676273	0.36736959283545123	0.12849447802445324	0.463762512047624	0.17092948844092448	0.10775255157116854	0.14437778438617876
229	0.5901048359846592	0.4528250215434536	0.1347606299137696	0.8314058710923082	0.3180068096097072	0.22766307873925645	0.25476052862099896
230	0.6446013110057747	0.49156297582094355	0.1778144974942763	1.2743312583853865	0.5296678238809888	0.3049413235800358	0.34430815894668837
231	0.6243472603964634	0.4966328579203576	0.1648581752127649	1.096598601045544	0.4498985074578701	0.21853254093739183	0.32360757745977764
232	0.6694007995496584	0.5301000788597735	0.19611760410055837	1.5979297154913767	0.6860307542315909	0.31436905760389633	0.4493538545700416
233	0.6549640143956938	0.5294701384834541	0.18243569719907748	1.4163258519573656	0.688689540930738	0.28753967293471283	0.4067081903241209
234	0.4948847810028509	0.3748543806786042	0.139477442217671	0.5251578700420712	0.21146941106584066	0.12366468683721246	0.17030665525978586
235	0.3986118433763726	0.31055190572715735	0.08901042433555699	0.3013124292345807	0.14976868033186203	0.07311160203109188	0.0851684772997653
236	0.5086155566856202	0.39485305336834586	0.14464772691721978	0.8002543399415715	0.35449619541570404	0.184775520337353	0.25824809220209716
237	0.6358271716033023	0.49611039793936645	0.19241416843033665	1.3196224811609658	0.5922211152164293	0.30888379348390393	0.3524274383355981
238	0.7058190249342817	0.5730982832834673	0.20323548123357368	1.8649386826962582	0.815964861792644	0.40018504636634156	0.4499876357745607
239	0.637241881339986	0.510539509083881	0.1835667191692194	1.3301787817402961	0.6015626833945715	0.31762959527611945	0.3920524069415839
240	0.4959101332905624	0.3812380367233738	0.1373183713531899	0.6233902456756377	0.21220535783597466	0.13046590281314382	0.2541569256153426
241	0.6289585267321558	0.5082933905257938	0.17379885922609592	1.2878999987507396	0.5652455445912419	0.3177543085318327	0.34787507094434394
242	0.47802755116790635	0.3912389114534664	0.13851141894055102	0.6252330118144522	0.24505997753566353	0.17053395860554804	0.19491472219705056
243	0.5736313987326542	0.4199802812970256	0.12503389806278292	0.6776530081281344	0.31010514992454913	0.15119605223096863	0.17955191227752548
244	0.4036340479110202	0.305170224720697	0.09713718494885226	0.3477694546348578	0.1686084206283769	0.08759211649305933	0.08995289754725076
245	0.5767698893036777	0.4328116286645798	0.1397695245570165	0.7157943342029285	0.33755539806178103	0.15569358413459172	0.20641255873000844
246	0.5377229166576623	0.43333048805464747	0.14409094718574342	0.7858200030448966	0.3819567293795094	0.1623608974306956	0.22880935332195218
247	0.5277434899516921	0.4093711390446252	0.11328085769974518	0.6755030265212609	0.2906235824578937	0.13633524648983864	0.19077537754531126
248	0.5142927040304139	0.38525196813116136	0.13867167819861512	0.520844486761523	0.22146968215665713	0.14147384340447156	0.1553159207358551
249	0.3772936588627372	0.3012749052955293	0.0919255637385146	0.2748958845870963	0.18249222801717319	0.06049074884342508	0.08250728335753664
250	0.5259265983809802	0.4107697835345637	0.11416562557487209	0.8197427407337191	0.31777551971406137	0.18070977677245315	0.2241352173024339
251	0.6797565029801487	0.5308368823950163	0.20496783039364969	1.3836479110188158	0.6371129690514614	0.2520080447868547	0.42687734849007103
252	0.6213502298767504	0.4934375454518489	0.17404267405283064	1.236837986868201	0.6652950375248867	0.24508940307148097	0.30747514460031794
253	0.5858580146372402	0.47654625110595744	0.18418771790200184	1.0324629829837428	0.3745185819763627	0.21577176766059303	0.3774385731153729
254	0.5592159334489258	0.45776037739734815	0.15528093740121776	0.7781777730393452	0.33651981616947063	0.15378138111709563	0.25275820960436596
255	0.6634751248338558	0.5757019897358706	0.20945828049047904	1.786348314694999	0.795328315700193	0.3869600671193216	0.46183301698404283
256	0.5911341711324187	0.4525476064734518	0.23581779048792365	1.079378806927825	0.29012448239259414	0.20887666777491423	0.40457596351536873
257	0.7301433702095522	0.5821588352223366	0.16802134177127936	1.9420562998735487	0.925290385038667	0.38705808526801216	0.5151638991759439
258	0.2621767254935624	0.20413694064414145	0.07083673235743122	0.12619047533450933	0.05159552674071954	0.03798548105223276	0.03910238964100128
259	0.5745440010956744	0.4348500620581389	0.1292271971449558	0.767429118609555	0.36682703707477227	0.18551731532324883	0.208058197570854
260	0.6176711827484886	0.5129160155539186	0.16191693816061717	1.390727170326337	0.6219991144676491	0.2829896789491838	0.36432402293815597
261	0.48840334465423674	0.3528452148441925	0.11585862692556996	0.5482863458352019	0.28137321365831386	0.10103013171152428	0.14052602605212597
262	0.5554526209720484	0.420762764703298	0.14229330312610045	0.8751551053486785	0.40896079887147346	0.21772207009746533	0.1970866295307508
263	0.48273033834456275	0.40021475904711334	0.14528938560848437	0.6912378477074352	0.24636676591066733	0.13336998432223315	0.25360223451535324
264	0.28793039519273766	0.21348138428483912	0.07376089082072926	0.1886975980669689	0.07500211741370834	0.0413835626325795	0.061972594496055494
265	0.6929150360880844	0.5677524199032375	0.1935278085113863	1.5430404845102168	0.5903287645012073	0.3499527306677071	0.48969697200804796
266	0.37994951855939674	0.2921060668232334	0.0962357007263978	0.3141875127369791	0.15102454819402578	0.0511893116798464	0.080938629321582
267	0.32486091890996305	0.23094669381851127	0.08123903466008582	0.1506822558068946	0.080782739866401	0.04023523697925662	0.051650899969641076
268	0.4144879103530609	0.3335222853475849	0.10831305434448461	0.35047795499826995	0.17205958749454217	0.06531386630516511	0.11424066457949067
269	0.5874401997623938	0.45810948971422627	0.15254121829836215	1.043200566021076	0.5224872915657317	0.19436139171955505	0.3108491270676585
270	0.5169988968576802	0.4010070701818542	0.14513138406987391	0.6642537285808399	0.2733013625180067	0.14484133042915692	0.23308918376797327
271	0.6057300112361772	0.4822544533132999	0.15614584113044744	1.131313583285552	0.5031718663035865	0.23474910752853692	0.32364107816376014
272	0.5938722279918499	0.4704215069456368	0.16645204483973025	1.2222013417257058	0.6325163095711593	0.253863242735599	0.2678823193529063
273	0.5131454184661555	0.37738289167038747	0.1525992291579293	0.8704933939911377	0.3757524564991027	0.15088738630000484	0.257172278251728
274	0.575464561894066	0.44666547224357833	0.1429727611965881	0.8797481534577234	0.4066937300185998	0.21243505023736045	0.21477934073795713
275	0.6930325753987279	0.5385393129779915	0.20120706730214294	1.573206080693648	0.6760699063490719	0.3361749276647801	0.4825520690667549
276	0.5918946744594443	0.49853231015102023	0.19996453765729394	1.1824840911476078	0.40880860134579944	0.2745359959303352	0.3774312719575297
277	0.4779842139625947	0.45410309644057945	0.11577050871320645	0.529910779885965	0.22603515691537385	0.11680298555478122	0.13953402944178683
278	0.7564259717935312	0.576516317055624	0.2158561369045191	2.2738656018133203	1.1707872655663394	0.45094772147990986	0.5567373568863572
279	0.5528796313808682	0.4381472181825724	0.1282144588285186	0.7038219804277828	0.28642604465786703	0.1602917833850085	0.20261706779071081
280	0.5530060249572909	0.4389310024363116	0.15491357190218838	0.9708610543749544	0.30781135212550487	0.18541877650544483	0.3290596769883469
281	0.33748850717612344	0.24656259663676441	0.08866274193393928	0.28028455519608897	0.11130680458099801	0.06016815488141091	0.06669561697737479
282	0.38623576723051806	0.2873155784287205	0.13966261230357166	0.30336402691146896	0.13495216818970726	0.061334562275265896	0.0936544073769679
283	0.4704828099953486	0.36654973838103205	0.1040679768577523	0.4558919598304502	0.2543483302548615	0.09681835677220597	0.12170355234020444
284	0.6261490543207403	0.47493943763305563	0.1600065556597247	1.348667492833328	0.6754465885447257	0.27207502579622167	0.3605887191190386
285	0.5266590182407417	0.40130706544240674	0.14320992493899828	0.7514802679173493	0.42911708787895997	0.1491115348299537	0.20242087556214367
286	0.5153414253966566	0.4334589198709881	0.170419915278193	0.6294018680421339	0.2935398380875402	0.10798648959138897	0.21423314549872263
287	0.5328793745043062	0.40557349023031847	0.13268968708608966	0.6805691660964848	0.2786001892466267	0.10885807723300187	0.22746944035389222
288	0.6955431662093375	0.5483182773768674	0.1693516996148971	1.364996734777853	0.6108002337420958	0.29825082393116586	0.3869628105747867
289	0.5831676237301306	0.4624129625375271	0.16373421519341716	0.9821814301395848	0.35031785252094194	0.21548920139727418	0.3820758279245862
290	0.5723948955285207	0.4588368472325092	0.14434876313905767	0.7735741558573246	0.27763874945526046	0.22569765110363205	0.22972931368712532
291	0.44071328356582024	0.3375962563901648	0.09988488585163026	0.4676683349093738	0.18589580960066399	0.09783454898997546	0.1302013682965874
292	0.5399805185590882	0.4003612881394377	0.1750197098951727	1.2595108906753163	0.5431504499043587	0.33522450719933494	0.33785409892489005
293	0.5661918636156581	0.4402413717445104	0.1632457938794751	0.8577651196131957	0.3199510680570362	0.2174947468779992	0.25659156819774415
294	0.5546941786897027	0.45272397031863804	0.18579842148023207	1.0680287094644876	0.38862462878643983	0.16969682686317472	0.4219144133673404
295	0.6744985741295239	0.5278306423693634	0.20020854871096788	1.4926269903445433	0.7420337429087169	0.3978659344778093	0.38765455106992225
296	0.32499450157566917	0.24675166670028842	0.0863778523729256	0.1791505944966333	0.06784971695733778	0.05653001360918331	0.06410473902189961
297	0.6309280313704334	0.5399715665998728	0.17926859511111415	1.1796857414731017	0.6083598299495926	0.22119673018979674	0.3126048200960205
298	0.6352461144412807	0.46287521863702885	0.139195207339341	1.0264135736489868	0.3911785547405777	0.23888503842837602	0.32797996757673326
299	0.42668536298892656	0.31259764973888365	0.10772934996349977	0.40225074878027584	0.15392344647826584	0.0899562933645551	0.12164209655745165
300	0.3300656653890859	0.2431478084363443	0.06898350422595714	0.18367538440054548	0.06223787799554803	0.036680629021597036	0.06279809964400884
301	0.781162814656088	0.6073340916269881	0.17659038647094336	2.081407089264298	0.8081964993462455	0.5357707759417875	0.36853816655488225
302	0.364441653049721	0.27326877658557636	0.07381596176981765	0.2677696117814503	0.11725875488436746	0.06203724799205388	0.07764141020714911
303	0.5127273075034273	0.39919313324708106	0.1438742823314632	0.6285576148495877	0.2272621819669601	0.14458356538657627	0.2471671999657042
304	0.47151770908298773	0.3752913949106625	0.1671858895718246	0.6539030386654558	0.21781153490471228	0.1432332189395198	0.25671071365838116
305	0.366219016925318	0.277444553648819	0.07584742886283244	0.25625863952528927	0.10341211676728586	0.05378560515264455	0.07612684515099867
306	0.7138731511443595	0.5736637134455125	0.18920955800005612	1.7359914073516836	0.8594026476996022	0.4173633118805905	0.4159157076642415
307	0.5146105279669655	0.41780172714068964	0.12071395139090793	0.6731163575675833	0.3003693884549691	0.15931523207248696	0.16816947110054792
308	0.5762005352961858	0.44902348646741996	0.09487237295813525	0.8291514294664017	0.34257826168922834	0.2274268584671144	0.22879865416042666
309	0.5948931614197865	0.498744809332766	0.16505598217539882	1.2513899993564022	0.5605672352542841	0.24251841088046236	0.31140840004869924
310	0.4678008982579447	0.3729104819303221	0.12931204209669114	0.5547338513041069	0.23604732072743434	0.16036722304609585	0.19331485216586702
311	0.6446924534944843	0.5188888670618688	0.18454958257327153	1.3535807570354559	0.6575409619784699	0.3090155755098768	0.3444490075631935
312	0.6053525308027645	0.47079293767956903	0.19146204075910273	1.1178038003772806	0.603067003509488	0.25066954082928267	0.25940581363563114
313	0.7227608721135442	0.5469814285485556	0.21974430426635322	2.027433764578823	0.7955372311402321	0.4366394707362879	0.667225675090292
314	0.647872265059306	0.529032255118501	0.18517936676489072	1.340210701912571	0.5828551794940959	0.33737507195667726	0.3544613246258614
315	0.5887245853108068	0.4532550450644324	0.13913326994304998	0.9026760392390506	0.3686929691993135	0.2322402258602313	0.2798539084629098
316	0.6616214233396643	0.5223192666937041	0.2008534922950321	1.480740276323687	0.6512332460832545	0.3749720253849288	0.3963933514994762
317	0.28588969979740825	0.1979071862831485	0.07701476973786618	0.12102936931600439	0.049012092962428686	0.01405801066969765	0.026219222140443706
318	0.511537114857878	0.3938836456718277	0.10313829186273381	0.5520227719002595	0.2559000969587238	0.13506892821523148	0.1668036812196962
319	0.4743129452655187	0.3687233359730452	0.10940957768308522	0.46884346424910806	0.2269497213050749	0.1124192239518866	0.15126809154342108
320	0.5347046020389103	0.44676685370288716	0.14607933932605935	0.9248819153260821	0.41699099588135036	0.2115644067556984	0.26223094913042294
321	0.5944146561097878	0.476680773543861	0.17230275882793072	1.091045766016006	0.4627142064834007	0.24338259041646437	0.31629830732457953
322	0.3799244172910012	0.28838247539592493	0.08309264074546119	0.2113271270126177	0.08694264692260734	0.04435486145910535	0.07492399998603667
323	0.6106711425948502	0.4777515735438094	0.17259856211301364	1.0493970614595238	0.4682518906879216	0.2543942870227881	0.31121926167380404
324	0.45183972024121594	0.3555782629367581	0.1295940611850501	0.560764203694933	0.20499836827577392	0.10792594406751203	0.21722552800668238
325	0.6067394033361662	0.47483799684621353	0.18853201423026966	1.164422825041166	0.5132742377990355	0.2614248752606593	0.3329427369867489
326	0.6307498965624346	0.48240609824832836	0.16193630404653844	1.0465936902322746	0.4600366634432999	0.22026931818211182	0.2885753653657091
327	0.5301204092960623	0.39107824514626766	0.12871098348604712	0.8471293516708891	0.3967855634659389	0.1694424793478114	0.1983339594964808
328	0.4146262394873445	0.320155513647734	0.09873069293191883	0.35812638400086577	0.1741063143380986	0.08843564307539634	0.11072080847770341
329	0.6610612833335686	0.48963077488469675	0.16316136555742022	1.7512050163555248	0.5734849775181899	0.28596469949315434	0.3208143754097722
330	0.3763462064314928	0.29553946178089757	0.08398663641516385	0.27510488899113283	0.12997445323138093	0.05002862800888376	0.07022078188360181
331	0.5759021961663028	0.42370654234052485	0.14077301952315607	0.7846917273053713	0.3839839177159158	0.16459220737999772	0.2383115389507734
332	0.43028215325651015	0.3660833542436447	0.14124643408326865	0.5037029571342718	0.16645803540439247	0.09523418722835728	0.17653736242278603
333	0.4666236365345408	0.3547766990149209	0.11132273608048979	0.4983384737934569	0.2078068081487493	0.09814360062890005	0.15080717114992098
334	0.47609169556445474	0.34371391871951174	0.11972524939428689	0.47191294301190156	0.17393856193989715	0.101769392894979	0.15537359558916453
335	0.5779638697565951	0.43460173888111453	0.1693769893059127	0.8621361710433618	0.4046420245412935	0.18736978424335968	0.2762255173783298
336	0.3691921629321272	0.27544535629100897	0.08776808783284207	0.2887775475620864	0.11913244598568198	0.07268495429823672	0.0806721697695076
337	0.7385571281353964	0.5790253401563566	0.18731111363009556	1.7526120616591312	0.7820322034794283	0.3928342188649195	0.47963358423377583
338	0.5683098770293976	0.5003466529846033	0.16263691683789336	1.1414182736070133	0.4477714509098808	0.2762093594413795	0.3218787125152233
339	0.7269864425440571	0.5765667095851943	0.5217317874018316	2.305302806921072	1.1563724928626067	0.5049243461954653	0.5467473136140911
340	0.564512309417219	0.4570788055554674	0.16841233780034295	1.0748378448442497	0.4180365775929099	0.2216919954222033	0.3937718471808616
341	0.5445326032370743	0.4315192778897753	0.17046129553492026	0.8715945014589007	0.26441127370079326	0.1834195335002569	0.26986729459963826
342	0.6584079599161723	0.5283467675181405	0.18819908404942048	1.6620244072865547	0.7860961799042742	0.3777514722639185	0.405380639371175
343	0.3984083900989106	0.3065569853546864	0.09814045679722753	0.13962038149154476	0.1203647849755328	0.08114393248539903	0.09176566352598173
344	0.5405454946253431	0.4166447623901063	0.1584654007281405	0.7511593729796375	0.3621833277118519	0.1574659750916971	0.22046663391709065
345	0.37629041323042456	0.2836309660804799	0.08346172843367647	0.28348711312046787	0.13304596215892955	0.05126601787008601	0.06870198474004138
346	0.5619349072166197	0.4289219194245152	0.13991055837456937	0.6568002313506471	0.2840043791223589	0.13199928111549805	0.1958952958657435
347	0.5178941372906727	0.3880750294503013	0.11966711809183826	0.5874821747698343	0.2605513701378343	0.12233475683568354	0.17322552845205302
348	0.5216849170635114	0.42404935032003643	0.13304507354745848	0.6932924523279614	0.28581762424596013	0.15041097387774197	0.25794966180122636
349	0.5522587722056836	0.4262900877809196	0.11658970440026632	0.718308611628724	0.2920465552550925	0.13636520467866037	0.2092508446519935
350	0.42427871646398985	0.34614177417748626	0.10278984175110054	0.4335064038814678	0.16635931501476148	0.07144767715592859	0.1811423066152435
351	0.737621776243833	0.5925816487993586	0.1947251145075778	2.6474261567826893	1.1070301669923146	0.4944713801140763	0.7585324207516642
352	0.4395696866205165	0.33712477100100674	0.10657099485342136	0.3438651298967935	0.15549188534601496	0.059404180372779766	0.12285733374504668
353	0.5735237833690815	0.45088935359646987	0.15810140289982455	1.0225784505475635	0.5131170802996575	0.21002485974324026	0.24772573062146386
354	0.6420196400794156	0.48649673694186923	0.18337249338544073	1.0991554864105715	0.4852973223448735	0.23157072585381255	0.3581947769344985
355	0.46982774678462014	0.33560504556563214	0.14968740442625988	0.578075034596278	0.2298640607055742	0.18950936938468133	0.12456099588272908
356	0.5521283094517216	0.43161307798901993	0.1407424729189008	0.7817964969924867	0.32843993987218384	0.16419083911582047	0.2517738784987474
357	0.5449055570531733	0.41873710533360176	0.12292374090057459	0.7907790409686632	0.4566018267419658	0.1446321321223055	0.19073812392313577
358	0.49593985979738997	0.4010249120736065	0.12931784602957216	0.5863094024219185	0.24944731636588852	0.12805586912022937	0.20941548288077447
359	0.6271515325471977	0.4893155342044119	0.17342796685537118	1.331472583893424	0.5745613935080914	0.26650689045913634	0.40773823071792015
360	0.4993369809900958	0.3985424973446426	0.145199877378769	0.8318480687074264	0.33907586054031175	0.18129753523144013	0.2515774809505097
361	0.45990545503099245	0.3568330032112773	0.11895312388863634	0.6074626580359819	0.2679638728569298	0.08669299606735943	0.19749526237301476
362	0.5305234545775299	0.43408560234184757	0.15634640671174785	0.6786420553627255	0.27992895711986493	0.16047259035636485	0.2049776809126328
363	0.6625408018565037	0.5143227575119088	0.1985293678867498	1.3744876498441934	0.6457509177189621	0.32423612239705346	0.3675281760580851
364	0.6005962726610229	0.47079718851185626	0.16815392793202427	1.118492914687324	0.5060465636651678	0.2840570180490198	0.28245944497641495
365	0.17435441789524428	0.1307998489600967	0.03892818556721495	0.02653562482842637	0.003090786649499489	0.012971190348497978	0.00963901772770916
366	0.6472775985271817	0.5102020918474437	0.18541334056095837	1.4190120825599493	0.5995693405052571	0.2872061712173362	0.42422235551097637
367	0.4359046359289756	0.34845521253081546	0.1197899001716455	0.4151474672850778	0.16079367985962542	0.08419415909734247	0.13228119027042873
368	0.5029037608904708	0.40162363819220687	0.14983884469967224	0.6992803621191697	0.2780316732429569	0.15799833976157668	0.22637345986414487
369	0.43016878574539724	0.35116708435031224	0.12330175901190318	0.46961565267636957	0.22215174373987556	0.10681311426511841	0.13684098472690415
370	0.6138703348531143	0.4767058477411006	0.14367208326185624	0.9947411238958933	0.3926307220801494	0.2050744851430925	0.320961972402989
371	0.3804184684946464	0.23394833450635777	0.10084552000765827	0.28890260458277106	0.12011835129596743	0.0638181781194924	0.07334806017398003
372	0.573029223597842	0.4474918216643755	0.15298226126018716	1.0496744543868817	0.4822680170035289	0.24285068386860817	0.2729267873408764
373	0.759306081435147	0.6207091069639822	0.22425790657383934	2.6658297298862137	1.1660168175838503	0.45700090244322294	0.6211683660436789
374	0.5178889724440857	0.3939295981150126	0.14922578916658455	0.6723791344569031	0.2854331992305633	0.12641591028644983	0.1819721055009739
375	0.5088608712793115	0.48396266511967845	0.130094089930637	0.6423596405387926	0.26337476473360144	0.1466684423721249	0.17228027054875866
376	0.4556575761927429	0.3533210599487835	0.13347034644857483	0.4667079951755532	0.1969773807690946	0.09403999106620944	0.11636313765889325
377	0.5868748122840616	0.4533759069000409	0.15963596196126356	1.1131603175295322	0.488394539465669	0.2860656201309708	0.24545632113514027
378	0.6379606264310521	0.5226390076866018	0.19528946746152823	1.2561330332026481	0.5576526317442705	0.2519374281549721	0.36815460219393975
379	0.620832520789327	0.5294820066940455	0.1538049246579019	1.0780645176952166	0.44909423477244687	0.2049935915797093	0.3442663854848049
380	0.6017620142350248	0.44532408368269644	0.14204322399759664	0.865194587627945	0.41598079233301527	0.19048481442311754	0.23027098077792424
381	0.6623750828949249	0.5681525901493975	0.19480449531528968	1.6157077708580487	0.6835920841474059	0.3594558373410915	0.46360440970311145
382	0.6714981545705673	0.4951189920047538	0.21930867687163605	1.586689667412594	0.575803920303656	0.2818191147847293	0.6599568756571409
383	0.4213199045975669	0.3509394435564451	0.10829774130175965	0.4013545493531568	0.13239371898863422	0.08830584082768048	0.1230425966782884
384	0.4423287667002026	0.3259576394128404	0.10837203626338641	0.4381817480088765	0.19513874382678026	0.10608315599046678	0.12819151602901882
385	0.30776918338487197	0.2373547991600034	0.09237405782228732	0.18785533571686053	0.07475695772717172	0.028274941597385937	0.05311238514787736
386	0.5210775919318823	0.40895882344875056	0.1277925403445978	0.6994059001451517	0.34300680268474265	0.15238990672369443	0.1813504528734569
387	0.6317103687168093	0.49403864072376313	0.1604475390278866	1.1485587028627908	0.5408748510816673	0.2638312933161599	0.3334679276078058
388	0.7100738518600493	0.5593856286834504	0.2010086409304064	1.937249491165727	0.8884143757578865	0.4388829804571041	0.5107410730596276
389	0.5838564135217849	0.4631570181805686	0.12870515040330613	0.8830826839393305	0.4184525594567571	0.20631241016798801	0.222879107318334
390	0.567756019953686	0.4262266755482504	0.1462586012248597	0.8372972428929999	0.3721843434301607	0.140693838229295	0.29194698058695934
391	0.4710173432765549	0.36385178951185	0.11998475396692335	0.47012334630340386	0.2041275647703378	0.08154467927602503	0.1445987057239952
392	0.6732720223518015	0.5234343636437296	0.1676477107235889	1.4626949491853531	0.7134782508800434	0.3532430004907527	0.34018989346683925
393	0.34544423473205016	0.26209475986305597	0.0921332661641672	0.25787233285371863	0.1076092020568279	0.046899738486517614	0.0670175073921123
394	0.48251969148718404	0.3561048611540429	0.11909489821352084	0.4995316788815216	0.20936625375726783	0.11276694569691538	0.15136591162302793
395	0.5228271187162884	0.42089354886611163	0.13760142615051132	0.644727458965008	0.2692040096680914	0.1580645478585594	0.21223343318242094
396	0.3807299189514523	0.29288808392049176	0.11678269898944023	0.28075988922154355	0.13050630478181885	0.07883255214205705	0.10212370257853615
397	0.6687226659164697	0.5334897841960534	0.1882181072024135	1.611024915049776	0.639641909059214	0.30060732861090744	0.515896706479088
398	0.6731938834558486	0.5012315539266554	0.17490622363687422	1.044530552000319	0.44888688137928917	0.28069143147315645	0.3874460589480178
399	0.5399779029966961	0.41601890814436815	0.16162537736154867	0.7937593397228866	0.2614491128446844	0.14321254174002895	0.28009117938079864
400	0.6224169390934735	0.46888638640870833	0.16508903864604488	1.1500761463562115	0.46374408917609367	0.22984381908179216	0.3794019695193634
401	0.3393664291766068	0.25735983948395963	0.08239908734024325	0.2548120893658845	0.12723710881823574	0.0797626129717871	0.07622810507577471
402	0.6087385567796199	0.48181081192242153	0.17305201766624012	1.397434952792295	0.6071123529647642	0.2352106333285969	0.3952312993418385
403	0.4587035187964646	0.36828657798080056	0.12305274464587596	0.5380011028589882	0.2321174520671339	0.099741721480697	0.1740086404498575
404	0.5451523879336585	0.40038627997506665	0.15254186752895313	0.8181465027758972	0.32989053106590466	0.20922344143857996	0.21714521569553502
405	0.42931203000992996	0.33017098893750907	0.11647060000681632	0.45103675022683365	0.15490223753232943	0.07726534277479281	0.14876448602398598
406	0.5790622044486609	0.45335485740665465	0.14271800130461915	0.9003180265181748	0.37454222316053554	0.17877910267636987	0.27493486971654335
407	0.7205028435415246	0.578585564357627	0.18297198390163105	1.6629405840045983	0.7492408019402113	0.3629737415798526	0.5045777674243895
408	0.5081896699461285	0.4236551541442773	0.16023214486274634	0.9333798882011014	0.2795356780680826	0.1310708918961028	0.3649801803651666
409	0.6231079181554225	0.4711767106564463	0.15903832950577784	1.2987827367203824	0.5621082217059546	0.2917676918527351	0.32172820064315766
410	0.6961922066663628	0.551864220441957	0.20381006283354086	1.8418158658181938	0.8202289692331862	0.42366480092888675	0.4551762884200772
411	0.4943720796358696	0.3838988548071232	0.11104843147778869	0.6427731412324587	0.30015390609053283	0.10669102690144053	0.16178166226348298
412	0.49336143234027063	0.3817494359868732	0.14913770818776775	0.6377495098053697	0.2575734816451779	0.11126741931702303	0.20312520096539907
413	0.6095069540804732	0.46579101913583326	0.15634160604193392	0.9710400840810831	0.46386036113247786	0.18539594190874714	0.29635232429663494
414	0.5381380785585497	0.4205024423917065	0.13799768222275213	0.6914848755275369	0.24757379554560618	0.15887589767438146	0.22534703957049515
415	0.6479820714039594	0.5282050384649349	0.1844938285003477	1.3165321264972676	0.6197090101178107	0.3016107087848448	0.3570142969030871
416	0.6594830130204787	0.5096173769908032	0.18553338233756994	1.413284077343913	0.5304669290451024	0.39208277272053604	0.4005183215862238
417	0.5780986637490838	0.4515076318962017	0.1301910737469095	0.8761735545296634	0.35599349929319907	0.19587057447684927	0.2882408435442102
418	0.32712018636095763	0.2371543142766032	0.07475378271116438	0.15845028360913632	0.06095871195950275	0.04057735404336949	0.0686223118401981
419	0.7151160428300953	0.5568422084706784	0.2094548766735725	1.6529625151727272	0.7094761581324515	0.3519640500430051	0.4859055457094884
420	0.7101919749853338	0.5778009510713482	0.19510674871307546	1.8315917469267398	0.8569903400753357	0.3507560262539186	0.457754059002882
421	0.5870967270455628	0.4608886838718621	0.15375271648985034	1.073234708173683	0.38246431904368267	0.2248124848235523	0.4107081666535769
422	0.6599939716117869	0.5130573055658371	0.1595553752881733	1.3066784949035628	0.6449046792645228	0.29595906019722146	0.31983841494508763
423	0.6258847789920662	0.5028517553804376	0.20036529675919926	1.3524938105719306	0.5698093680960856	0.31356667113745085	0.36999354803015616
424	0.39147687281261956	0.3161149559214428	0.11101729122088674	0.40738538077527886	0.13953187051639163	0.08342853891599285	0.10848751365254158
425	0.6262013918560525	0.48518165078354486	0.14991042956406134	1.259434158561993	0.44800072942604946	0.3228499618891164	0.35468911123923486
426	0.48652050050941165	0.3942546350580403	0.13932739761645221	0.667611346518579	0.2517323721535685	0.17794091672629625	0.22557589041770826
427	0.6415943068913359	0.49096228807114567	0.16037798520797947	1.1100992980374433	0.49123575115326	0.2175166284790075	0.3125354644972609
428	0.556114935308558	0.4326515773267851	0.1446269681140959	0.7887906003856984	0.3452936344601461	0.15568874979694672	0.20465759244105877
429	0.5064015483220947	0.41553077418870416	0.12337153913374851	0.5996528702492963	0.25450816762199285	0.15889905182390893	0.2024235839699537
430	0.6470323951498871	0.5258482068544627	0.15598456047303125	1.3104159840947174	0.5591597650584537	0.322637935545033	0.3896748489243734
431	0.6704024892427692	0.5248072594321659	0.16786514269903965	1.6356562378295458	0.6866212530256031	0.3194921558486876	0.39718542145065544
432	0.435250246865521	0.34672020108549345	0.10525447982664494	0.43883510003137144	0.24954638200441803	0.07523806615005801	0.11832705627103007
433	0.4674771953959981	0.3619164405924024	0.12843832766305396	0.5496567928029982	0.2280356182266972	0.11815287963623518	0.16869629254666466
434	0.4993242217721906	0.36378861980851895	0.11587987328353673	0.5598566510716348	0.22998675701266014	0.11240617838036976	0.14442481777249977
435	0.5834389151989606	0.47314619698149296	0.16327637955778102	1.2779345663907784	0.557426706903249	0.23264986982468266	0.3715783850459497
436	0.5971262192698719	0.4604552751041137	0.10270698690200018	0.892719550077303	0.3848857626589114	0.23872936114438317	0.2674064954842742
437	0.7029572008131022	0.5677447376388401	0.18894237470233288	1.743076834144198	0.7572360609855815	0.40943134328463976	0.5007365992965506
438	0.2831538663156308	0.19443495665806312	0.06313571955467823	0.1413054785638583	0.06076828903177012	0.015637044139159773	0.024170653081713282
439	0.6464007658748194	0.5068978805639828	0.17467084235346625	1.3226521867147043	0.6445871065154958	0.26223692076044536	0.36041822286726455
440	0.641646574050935	0.5090921980289802	0.17307524497820032	1.4427648668044128	0.6628353078585697	0.3562712846124788	0.35934092154975394
441	0.578599782194005	0.45657064665310376	0.18494341628770103	1.077716426564778	0.44720309370808675	0.21227917215798245	0.34380104539106543
442	0.5330382690957718	0.43482762599768743	0.13940439163002744	0.8325236572675515	0.29469508189532334	0.1807905926126398	0.2708776906732118
443	0.624888134546997	0.48438619106439407	0.1595014523924644	1.1644002121911383	0.531412379800727	0.2645790343175926	0.3276370695939722
444	0.4011638616145907	0.2921425622143625	0.10225703448729137	0.3333622307453279	0.1388510514432593	0.08112527792178269	0.10910510652720473
445	0.4666780653139106	0.36592873495887096	0.10435776092706603	0.49059282170038837	0.2261206973738766	0.1008810301144663	0.10863690582225587
446	0.6363306858923532	0.49155239030565134	0.17797012671578302	1.3692656598593098	0.6211485970778866	0.27963109508159845	0.4086627015919124
447	0.6420996653879897	0.4807251007548357	0.21023079248772739	1.303282082325288	0.42895488562815426	0.28296775112437467	0.45502761682845055
448	0.5984776254403378	0.44792751580822737	0.14222357104345676	0.841605839361486	0.407115245224049	0.2010123834789578	0.21478293241171414
449	0.7153174127272249	0.5962525358246542	0.21045223021932452	1.9093661899655996	0.7706355894981268	0.41707482859425293	0.5379153545449435
450	0.4154241232905541	0.31740672778871415	0.13668106471112607	0.36641788289661015	0.1436140338767004	0.08242664193877759	0.11999837895052058
451	0.40468705238368957	0.319840191740276	0.11286595148015416	0.36589540998982706	0.1230755080840458	0.07427950025078174	0.09404954298122427
452	0.4392610122404841	0.3575118544887826	0.11476738978031621	0.4302549704607431	0.17175939140161428	0.09617620955820713	0.14480943910386557
453	0.5920383790772914	0.4447689856163613	0.13712527120603485	0.9801636905301861	0.4354755917012858	0.21314891958297236	0.27314305987913057
454	0.3314411435915918	0.2627056363579798	0.08027057049471473	0.18937333430131556	0.08192212145488292	0.03437678063754711	0.0679242719901994
455	0.6929654899628063	0.5529128627912238	0.19569101101235936	1.8121008009756665	0.7869180332426378	0.3818141522776962	0.4267757033132921
456	0.5417650200588878	0.41595435723280055	0.13162112766676615	1.02257772492753	0.39575518939165355	0.27920321702835715	0.27689235456617195
457	0.6965812880271635	0.5979732052904794	0.22824772308880983	2.045812110651873	0.8123183137385741	0.40602667711079893	0.5799736834044887
458	0.7090755184775477	0.5257284513726013	0.1899410790761868	1.551939549675199	0.6880221695712002	0.3276557454650781	0.3997440643067287
459	0.5470267461054072	0.42400040826965313	0.1729963129574213	0.8807797323778142	0.30989134341241514	0.22549188616570806	0.2663634524845024
460	0.5473923242353917	0.42447521052745707	0.18218801639233545	1.3605670897195485	0.5714186583711742	0.3428406933322189	0.3601723042089509
461	0.39791215185434436	0.34102628241620536	0.11702061357174373	0.3919339155088342	0.14685484273207794	0.08885434157826777	0.13012817531366921
462	0.5757581502932697	0.4406845380859704	0.1371554432097534	0.7449017416675281	0.3489865649847801	0.1695126336788894	0.19930176046104212
463	0.6140550408658806	0.46168785482796754	0.199587244360855	1.4000575610479986	0.667487693025331	0.3409785745325487	0.37542193489851294
464	0.6382491983835731	0.4939941410424399	0.1699544192893954	1.4006992348818652	0.6568550158880001	0.3060651831775889	0.35180929264319744
465	0.7205024562836899	0.5682905068151135	0.19264523801601724	2.1268772209077564	1.078076212022477	0.4406884634679977	0.5018048958039282
466	0.7175637662066547	0.5721768774236538	0.16439823842193033	1.9203268233809463	0.790413126861129	0.45603374817703296	0.44383615132201515
467	0.689574290452585	0.4978565807284142	0.18144390704424868	1.3600726979421516	0.56164679613716	0.3337172872085439	0.4041263410936108
468	0.6012708101412322	0.47852838682600385	0.16833531848197142	1.272064521851717	0.48373045741543613	0.22356353428611014	0.42487692302914154
469	0.5315524637736223	0.3938032004549471	0.18179182951624737	1.0959291733912127	0.5078477136768943	0.22777221149230029	0.30052187951255643
470	0.5522113484117576	0.4331274362716025	0.14454838958490754	0.8728533930127816	0.4048077482408366	0.19431582063628514	0.24547830886660077
471	0.4536800019629903	0.337818612381155	0.12497977376591841	0.45519849640429705	0.2074431883724323	0.11819610320866555	0.1485093903534096
472	0.2829473412602508	0.20443362408816482	0.07952341045098259	0.12472923666056827	0.04044110550361185	0.03464848047032119	0.02349095468839272
473	0.35792916521601936	0.2790488730640136	0.10954979218144395	0.2302380979885068	0.07026110901630789	0.06364356583230543	0.08224179438412398
474	0.45755959201701135	0.3498124453408376	0.10646272018316333	0.4193025343788047	0.2269098484523354	0.1110883474048613	0.11372637656716199
475	0.4506038044456076	0.35455603929344737	0.117676606385444	0.42880821118941675	0.15270456844499636	0.09467695500732759	0.13750349783331836
476	0.7297554830034214	0.5741899640399161	0.2142008850762602	2.2174707119053316	0.8871175128304395	0.4053398986659634	0.6315845227065939
477	0.48306362289348437	0.3510645402699222	0.10904167728053442	0.6719173615234618	0.34377002905449194	0.13741671320132595	0.13563251082145164
478	0.5172165920757057	0.4017401557732651	0.11957243367211091	0.6618257780260476	0.29473837112160267	0.1361519310216796	0.17129463965417485
479	0.6842155730571744	0.555181720140012	0.19938150410920796	1.62087758732302	0.6177088202211808	0.29407437771713624	0.4898690311061747
480	0.6915321517818579	0.530208748306566	0.1710368369578342	1.540377795030189	0.8023236618211825	0.3479278532867108	0.37442746518574455
481	0.5997159270543051	0.471727563524587	0.15510598808239595	1.3044727767793698	0.6139859959743024	0.2557385681131822	0.32959506523209703
482	0.6420384503056381	0.5132702567187173	0.1730097633199319	1.3018018709847718	0.5429927909573581	0.32627159196974953	0.3734391795862093
483	0.5547119767242978	0.40252533129423673	0.13151230643054454	0.5428051099383561	0.2301024647113214	0.12798161850337858	0.17551847367115697
484	0.18885093353559043	0.1402711793700111	0.05927874344169409	0.10955350513996684	0.04076894282771008	0.02584821795809395	0.04638904699681093
485	0.39591030410352135	0.3077240413944559	0.08722146525905944	0.30261705935300676	0.14972168148892237	0.05161369904877584	0.09802324186918278
486	0.44756955078022786	0.339576574211382	0.09856634222568808	0.46502721637628636	0.1881326999249358	0.09581870228632035	0.12388633068433734
487	0.562031891534679	0.4505280881034524	0.15479339702791975	1.084253873068028	0.4541751544212661	0.24567605909315413	0.29795897833317053
488	0.3783243110755929	0.27004917872696965	0.07270304649521239	0.2626088800224785	0.11043348719138574	0.056477579686767795	0.07781972363936618
489	0.6890808549375452	0.5237152957094637	0.1580079195774976	1.293604650940676	0.5181258349877896	0.32036826812778796	0.40792496600255745
490	0.6442768930107592	0.5587936110692093	0.17513639323480829	1.2530488646104256	0.5553709735172907	0.2651198502477837	0.3914958022887576
491	0.6396370654443972	0.5195764675018255	0.1986802229566332	1.4487729296445704	0.5615805910195598	0.3068757622644796	0.46664595369018635
492	0.5374924041024177	0.4008870223908529	0.1465804080579966	0.6784733702443868	0.2787979236468208	0.1821285079348893	0.21511266523679928
493	0.49418379138555235	0.37196382998843225	0.13938170008974085	0.6149958715249676	0.25238253787527715	0.14490300564793576	0.2004191481180095
494	0.6681684401927068	0.5463727758577739	0.17560044223493312	1.4308498429296743	0.6546886095588164	0.2974067792619342	0.36490600824429265
495	0.6627112442441108	0.5248335882592733	0.24977370414257147	1.6635477759179191	0.5171158395272555	0.38070326641400715	0.5495080259419415
496	0.5635504041734226	0.4455325867995965	0.14538190672035542	0.8320020643081353	0.41783887389135466	0.19495365847284737	0.2069508409046553
497	0.33530601662446774	0.25118665912172633	0.09678150514795664	0.20627827794331832	0.06723297196891363	0.05555315836094084	0.0726803989430884
498	0.5128118424825123	0.3840929861294698	0.137038477699553	0.6788869604003923	0.36365133555012497	0.12262172715775467	0.17332474381701785
499	0.3745793810044037	0.279326420939033	0.08773432064800013	0.26034433611837243	0.08455381976054258	0.04953564386199026	0.08479570446992145
