	0	1	2	3	4	5	6	7	8
0	8.618986846648092	8.301093882952479	67.81046011547105	2.0316433526231346	905.9521692545559	34.362466676312195	21.708675130670937	40.85564682812501	38.68937217993738
1	14.986440959872908	22.244477427098193	69.52778681019792	0.7394366115147288	729.2968894956491	23.538777617243188	18.781961478532782	19.792562553028674	30.339470528747533
2	19.021144978777524	9.292529189887738	57.46458221661897	1.5541174682317598	819.167828764431	23.639551516279628	16.387767313990892	27.12559555942242	39.78724435330964
3	42.59763189206559	26.224358204607388	46.08879137803493	0.49309837637138415	117.41352893214878	3.4351434881820486	3.7122111460185354	4.417778768103623	35.232837496413715
4	18.5398119720562	11.064094635823222	63.0649516201718	0.9607950625672034	587.7618606617102	26.78531948007343	20.348269177532337	20.816023317140424	39.504710388289475
5	9.974852682485349	10.200587926559518	102.64527851427485	2.4894650238373552	1027.8906251435385	82.79207428431484	60.42624446447169	27.890035830593416	36.60716519977967
6	11.475644817442063	17.208896609463977	64.01032806115818	2.1920196820673645	659.4566568825688	46.65641620203435	28.602192788415277	35.98988521989466	35.75663831884637
7	48.94937064512878	15.421567161917796	35.592145183990354	0.3783163517685482	241.7450328951437	3.515881450840989	4.860988171812516	5.172559294358502	41.652606962439144
8	19.360086133511782	27.998368772689844	39.24831841206347	0.3302059116077654	358.44320113945207	5.6097149022969255	3.8160121484926806	20.31314335125746	40.34461445116137
9	14.453595602098183	15.683048870953163	77.34800877651007	1.6834413309801255	701.3604009513398	34.63502251056603	21.578451270247125	39.58793920950277	24.850079539191917
10	22.1680998245318	21.115493644267147	36.497506169584234	0.2632467049128553	168.20067064366677	1.5081941723634424	2.605078890103073	11.770035258757021	25.227637643265396
11	13.457327029738506	21.71494224091424	45.95521802802653	0.5178849760513575	454.27444427801345	5.3309834830083265	5.081734548356005	31.44877868629244	40.866542736505416
12	27.50120127138681	36.87739979313706	28.86075397215808	0.2873487978496799	174.18543392824242	2.964559358453432	3.0015035238633945	17.51948014495498	22.496845311188704
13	91.98284174490534	19.903433042384695	52.98222780721009	0.28143577534516856	396.09476276018427	6.259752841219269	5.149193304864706	13.960268523424537	29.111280665033274
14	8.879003166071959	9.429203782307674	99.23155956543108	1.6221613695677415	1479.4968239717225	49.30978212189836	38.68612453637684	27.32031469127737	38.66665981813378
15	12.6866336302717	6.815223932216123	80.49467626573646	2.2537530777007437	1042.8594032899553	45.4739536479982	27.649520099173476	43.8645032743165	38.64846132078259
16	16.24032249297666	17.486167074174908	64.25581446086107	0.6687341308685077	1327.1041650178374	22.010730704684185	23.258316834770934	0.4777930863411626	39.67024358883307
17	11.30340550514021	17.596115472852834	80.74952009416376	1.485507816848924	1415.1829408976826	45.88527370624411	32.89480630429637	28.573291227789213	34.93875318729689
18	9.430974610935921	18.60334669216584	65.82517002931303	3.512780874770187	1000.4454627160376	44.01877714647719	33.325162664057224	28.69809436506604	32.94231164512628
19	10.278936483506088	9.141834709369935	104.4539685579266	1.5567159750871686	1710.0764026192205	80.43977978158537	57.96300840508908	30.808291486559686	42.7486730337937
20	21.731601541283275	13.150813799048326	76.76180706023808	2.13966215662884	551.4626881468184	32.017903315781965	21.53602260491457	28.6744623321262	36.034787828923704
21	29.841088490484175	14.627859255316881	133.31721150311532	1.4312752510897297	1817.7790711919306	50.98541535292844	43.28191295805937	16.620478406192433	41.95674383842528
22	20.972978919098406	36.1564957065489	55.8313518742168	0.733931252091482	966.4378913480416	14.519076582598021	11.117884514416652	21.34352555801542	37.08136812623147
23	25.58717352806807	19.430933848207694	51.113468248127106	0.3135067765705505	1113.3545016515639	1.9035830887439755	3.1723780495318907	9.356105357798997	36.9444877837318
24	10.81384284895145	15.318516672335603	40.031441173638115	0.7233857464845872	518.6679199226855	7.119831605899669	6.02668719250277	23.35927471415517	38.557218356303025
25	62.640751381658234	47.05479338391825	35.20226556824943	0.20814588168848758	103.48612795225168	1.8191911666150227	2.3214006769762086	9.775776924898974	40.41725844496312
26	12.95369989296793	27.909438931411852	26.908985618185348	0.10265253382163199	330.3247933607288	1.225972687304151	1.2129289426549663	17.624807455085545	36.56264046698016
27	24.225153235048523	12.689573299640175	45.64043775433231	0.6189406151214756	529.2084101226557	13.557679683544961	11.243576263982298	18.12232729774957	48.820471941749396
28	61.122183765630005	72.32930546048158	73.29498434519097	0.15926154075135718	131.00014222296085	2.367966959635279	2.862753475623323	12.020193139510061	39.879573608972066
29	38.48087356737192	21.978913455114473	43.248130475902045	0.4028768268698184	335.756461754096	5.63487983752257	4.015052899535977	-6.448551730960023	44.19602516183266
30	18.67615087677203	10.66284260710012	59.923313329006206	1.8977689905156105	837.3494489863922	15.92907700853396	13.160022121873947	26.932582742805504	34.86776476822427
31	38.82654517114187	24.16753445504888	58.14824200145968	0.7505370156318112	196.90940122716935	17.597845768922944	10.442029321448594	39.61064858925407	31.68790277174498
32	6.6419634833334165	13.648143455306771	69.1856966197103	2.0742708105971372	1969.87806309699	33.10746439088478	23.51038239187291	27.724467278776544	39.1839037308827
33	15.806513350172395	9.428039489517255	89.72363701097754	1.1459193703361066	1072.4121727582583	46.64894585007406	36.49400725597321	23.269389130682402	39.53345051425572
34	7.120759648836489	6.283229501094032	96.20696186870715	1.8229225533372837	930.3514335040097	59.59701147301666	45.401381524314274	23.872825668241944	41.44265431603748
35	15.826744413224517	16.45714694915631	78.29180197337156	1.453075175050987	801.7421528341818	60.37261380652853	49.046334166694066	22.409726366893448	24.830336635452394
36	15.361220491670014	12.904202424773478	64.106988179279	1.254541117841637	746.1521973049042	27.21020734947563	22.819715512539272	20.720164933623142	39.73107390553846
37	27.59115321991558	19.25280591860412	76.06844865605652	0.13187493884836227	832.8040412784085	13.158917705453952	12.826219222405836	6.161363750140376	45.10272240559014
38	51.175123991412455	29.165657910664912	69.75553120906254	1.6317258444784177	743.900519670418	7.03284306697784	5.266864968347006	17.107323157316586	49.81147769557543
39	49.44572362286809	16.484692854637995	34.86695392091329	0.24469935240903207	795.9974077831544	9.09645409342667	7.930275026781601	10.401574407211104	34.970889491494674
40	13.30941094110684	14.348383591047892	48.01813436424155	1.4448967020403514	779.6411983356361	37.70543755023212	29.128710947876275	26.37419854350737	41.19429071714995
41	25.303415580400983	14.74711811219918	68.0696338097756	1.0697179716495586	1652.8495890891036	21.623492880908415	14.808163767719314	33.2517974861404	24.28955364412629
42	15.52678208159092	11.072415859634408	61.80739149953972	1.560527568912219	435.73770500395483	29.805037154875343	22.134864614424917	26.978562070263504	33.57776186047156
43	12.472793113183812	19.13564891050378	42.388281348642586	0.2999683693783619	623.2564396980388	2.2162009466432746	3.0106308951347582	5.6101001137490325	36.83938346262465
44	41.239620165581506	99.03513305179956	27.853523666671684	0.3728553555104755	272.5430161087812	6.151367588434015	3.920193153287957	15.910917254975532	37.306472238490294
45	46.420376484152264	70.33243791830203	44.50552808229799	0.38116700572001116	346.71524507075793	2.5345239235929595	2.9461964069230784	15.840228585100354	43.19042344156508
46	21.360237253626824	17.449568604984332	114.89345662725567	1.6593811985567075	1899.5804173549523	56.859698511526894	38.995315074926125	33.54321943489805	38.46940693830384
47	15.651220065223306	14.271180862113976	104.71295977284561	3.863076848424307	1055.2160656915917	38.58107729734473	29.243460955747675	28.216451868195346	39.274655187488925
48	17.851701105572715	18.03669072207152	83.26753201967661	1.3852999736344251	1259.0057282853113	25.138303760046846	18.76803405003707	30.69360519979434	32.69079685325585
49	17.491104601647653	18.011928015318336	28.204778710761136	0.9049387145386584	294.76494542780745	6.02001926780947	5.7496888856476485	18.353395096649457	42.901059207669825
50	24.192885488629447	28.036317411805225	36.80730765159279	0.31261278915690716	128.68096745230622	5.755930830434091	3.7461005647812735	25.36028818166517	41.821373474919014
51	59.64314936395149	21.33838789940096	39.89553079868204	0.47698461929794705	260.6495529814707	2.058785438183715	1.5444553027770935	8.44542762947609	19.68839053280531
52	30.345472641789524	23.9111324618714	81.30297421648288	0.933753434679393	1307.1272054672945	20.945050673776556	12.82232484184013	37.636739354588016	25.735465971910365
53	30.21132205005361	19.489800296326376	37.1624325488939	0.5280673953019439	456.7067269642056	6.6387870268943034	6.614078082039919	10.22892785465368	45.73077718540141
54	47.61025786904024	14.316151411740508	40.71399509254393	0.5327082752094566	178.43492373147544	3.3073232244260637	3.67646072817248	11.921987013810766	21.03178628178017
55	27.65135608726923	40.75530141897801	107.1218368848818	0.655225715332387	779.8304628829792	29.720880894055785	23.349470186832516	21.8086599113947	58.77139913697723
56	90.70761421876567	30.29872332595879	64.67984019790454	0.5323115672185783	503.51699596280866	5.622408525355549	3.7139823591209016	24.243197633580795	40.467099644558274
57	29.503305141537947	14.468616270457336	78.6888902224234	1.0130960780732736	902.2587241619107	25.39762033709117	20.107111944877218	22.951148388618194	46.34682316373333
58	22.27806129802451	28.326271998197008	35.20874417402831	0.2635770305430894	191.5032614183648	2.4876971045648757	2.636263438871319	19.769468854854395	39.81891761610355
59	20.990119045730268	17.164013447636627	80.21621155791073	3.09480828419223	824.8597209850454	36.209581575530706	23.158612195724725	37.21534244713899	41.80556919234896
60	16.286275490045874	7.244038124910068	62.22124430915462	1.5050336261171897	1043.1654073570073	24.012047385651876	17.024167321847536	29.432982058470092	37.83115720749319
61	31.17975294354339	11.775538437204128	105.09587328197378	0.4613194175343255	1453.9062586039706	22.05304620697684	18.880127228539834	17.504047581607193	40.120649165700115
62	37.13926928356602	29.772328296529167	46.59761297355148	1.1914736715106322	197.597018926422	7.729374109325529	5.71405476360712	31.735096378753234	26.235697557303308
63	20.354901340378998	19.31135263483705	73.30574157493415	1.5633093978948722	836.1149490663435	18.004052414754625	13.382790703584828	18.4034752893201	31.48471900625976
64	22.83138820966764	20.692177439886645	135.42341524502248	1.8202295015216072	1072.604403793619	48.710298247797276	41.39752741919308	17.778957888322623	50.00896712449448
65	13.001248324793943	9.462573655122462	60.317013783216105	1.3507715949687948	841.434185420368	26.812657178040077	19.127343943313438	30.2572280271438	49.465681863461285
66	17.111743439179364	13.546644801988496	80.379088777107	1.7849984981760434	1072.2356830852805	32.27322460034129	22.5207673204515	33.394421438558815	38.19558136058084
67	27.489182565269097	26.02026537642705	39.467439816062836	0.3326299081945997	418.1416254113396	6.9451652633050465	5.112410416767432	31.314129652714193	33.06712316200596
68	18.762400028043878	17.440022884025247	34.87923604773911	0.5866582098320907	434.40111316136506	5.156050432053448	3.1444131618643247	35.62761738637201	26.674552128231852
