	0	1	2	3	4	5	6	7	8	9
0	16.213418821106252	19.165537812289994	18.964450980796947	4.402099928362635	4.453495811997542	8.273766173762917	1.3355768540187107	-1.4134017052960564	-0.006902319261228418	87.55843284870171
1	17.116009250701264	18.31875736760739	17.521239647870257	4.887535715685545	5.0671426207922	6.9280603298660175	-4.150097942625404	-3.888145366158059	-2.87979640741819	86.3130090536305
2	15.175895571077024	17.570436957536597	19.35221112834019	1.9599273461814577	5.223553110364721	4.065702899170729	2.8326399948504117	2.040499288814579	0.6614988395032525	84.70888184545721
3	16.33036946632412	19.503609822758126	22.57183763474129	1.1360355310034902	1.0456130930744942	0.15745215706226764	0.9147466024442796	0.33940833852993374	0.0027486360668889376	91.31415971052562
4	17.983331959263154	21.291409150687077	21.354316406411535	8.302375746488133	8.38713396301175	7.54326200469464	-0.18076466665784852	-2.317980517523185	-3.6921554672656285	118.32495833507784
5	18.34877697097236	20.435243063262487	19.054040405354282	6.399791713109243	6.275087458099181	7.285713167149888	-5.072942675704532	-4.695305506837525	-5.6808158090245495	99.54012606949141
6	17.243682342592383	16.045561522633747	15.865932128203893	7.277564331240675	8.302197194897552	8.303284797308875	-3.6995013756488775	-1.5657085115883826	-3.4222426805878796	82.92468914612493
7	14.919208473489524	17.596901924886122	18.961151380902155	5.118256758836956	4.898313820757113	4.0408750541654195	0.08297046290923502	-0.9925501852161258	-1.3500621937656805	101.09878309617845
8	16.183376793595063	19.71261099914908	21.841742807688444	2.1122762137778888	4.034951972274878	4.078914174955173	-0.706975303538379	-0.9818112683092738	-2.1864978050362787	79.28074865427318
9	18.412945583400553	21.828473470011335	23.163888340421494	5.181922490685267	5.94714507950561	7.929085484576048	1.421227276200691	-2.2072363595258078	-3.6784693930755243	103.27811138205759
10	17.593386504601842	19.13759983421612	20.523307148085113	6.991505647149456	7.2060474290130365	3.053988129975737	-1.537269763394098	-1.4152968809248716	-0.7430793772498612	107.53210444992457
11	18.246041140961825	20.85958993456211	18.13613500374757	7.349801132412308	6.354438502777829	8.41005835734441	0.9934310824409287	-0.5035185771553505	-0.22782945182533276	104.84264813449025
12	18.74949934169108	20.52814398890095	20.12949191545863	7.567149538686191	5.538818183052223	6.490591242106752	-0.30651005325697533	-2.445406049105368	-6.408206331357496	95.86231595124765
13	17.398208150610948	18.56320150918591	18.32948941030785	7.236600615565688	6.9588153047934975	7.149785135411115	-4.152727145502164	-7.7435798344158515	-4.932148637717168	70.65464134426666
14	15.466578396296068	17.59089677358425	16.587381558981797	8.049111057222511	7.117983313972218	6.958847147216556	-4.134727764821924	-2.0222861863736377	-2.9960993684241197	68.66525898301951
15	16.364157483625167	19.683942319026038	22.225945404405863	6.545713003201156	5.282692088220349	4.466180320997243	0.9014740110364969	-2.3994120758247144	-0.6175755736809404	88.36634983872861
16	21.410637775810123	25.015163618914634	27.91315920810819	0.30417597618515346	1.4598500104093657	1.3514174166183661	0.06395572339212285	-1.1018771763265245	-0.24691737922227391	124.2746231103104
17	16.149773558359463	22.444304522679793	23.191369269488312	8.015461885743491	3.018668734084805	1.1265216604026356	0.19334468119862933	0.5663619437755705	-2.4946139241137675	144.04515620971927
18	19.68350127056172	24.324390552646065	27.039157691128214	2.1579267271760476	0.9820298193220903	0.10933790729275036	1.7789665398121195	1.6246847079263456	2.0462854108357114	82.55868558508958
19	23.985660897915537	29.1310588389983	29.482904635952195	1.5107842132745555	1.5286767644165584	2.497050466742019	1.4410935501425177	-1.5907138851255838	-0.6479277648737883	127.27245016863122
20	20.297126349188687	25.133255810044016	27.63551901602288	0.8871153292601646	-0.08236223882426758	0.152483827262843	-0.024186282727071684	-0.42056665470405163	1.251698499386154	147.11205093794513
21	27.170808198361357	32.710376565926175	33.98313913299536	0.17911714197751288	-0.0413358312630871	-0.0903563333814	2.9163326388058275	6.445010389540162	4.43039277209296	122.67038685484306
22	24.026641743402408	23.46952032604196	24.90862810611897	3.932610982697743	3.9398301813906444	0.06263428877396257	-2.4039165224529704	-3.6017064166804302	-4.759731853047153	146.83944157657348
23	20.17425378306373	23.88322677026892	25.74774681395341	7.404778035262296	6.505556262239556	6.424465637618534	-2.06299262544477	-3.617063630416858	-4.643367289502578	110.86112338369296
24	20.440956667340675	22.90140369084216	23.4338571954674	7.631815631092624	6.463865046963854	7.573896681648462	-5.085498285458756	-3.4189049493862407	-3.902567686432804	88.17120156716524
25	20.250453682836035	25.821024955102015	28.103472444312235	3.455691566120571	4.497947877870599	4.435440112970623	-1.4193091692180593	-2.290695053806869	-3.8000484373266996	61.91378889796856
26	19.65929077896868	23.233633604676683	23.67913375948028	5.119880780305406	5.0483104815554025	4.0514346448700955	-1.47453389976584	-3.2024032366639297	-0.6730274593992748	83.35979310183284
27	18.892019692422284	22.924747456136345	25.301508687491793	5.017145152881405	2.2051825290314064	1.1871261771492967	0.7634385976107612	0.15752113139888557	1.2762570355268763	69.19347666815358
28	24.19600272913715	28.250583487584386	29.875563654906145	0.04890740666091378	0.04133831033266841	0.9744362617012209	2.9209822770985583	4.186317087376182	3.738160262748567	68.83796814093242
29	26.65898273322158	30.109362636884246	31.894085402523103	-0.10767839336804463	1.0112430412587785	3.8861616252829263	2.008330859440947	2.20299078228125	1.4687431800539086	108.64044234938042
30	19.860690970605674	19.458181930958023	18.570563249668755	8.290694287477198	8.317964987915161	8.256800739433364	0.992773454080022	-0.19937137353792966	-0.6326623029469349	144.41808107676255
31	17.05905136786216	18.361208368428425	22.33700778643515	7.971478616748937	8.159763472362993	6.22163697591908	0.03873034328461081	0.23691566247300863	1.4764197915191635	80.11388650957089
32	21.42854731625035	24.481266011985397	26.023548399933823	2.572722390731924	3.3556197193632755	4.388836960316273	0.43865829346280644	2.295002435568893	-2.454534605267721	97.42580043682997
33	17.733150769324133	18.461106020716983	22.70721435317921	7.910461012314199	8.139643572486564	5.01327114557992	-3.76733668737933	-3.718614409097224	-4.497476704117276	95.96005090708985
34	18.521788492297606	22.180385153298616	24.542790464224613	7.415075933646693	6.429321236392408	4.372748861472536	-2.080122877310245	-3.453630520133564	-3.170408019946409	117.427866934848
35	19.45626605795723	22.38006164866972	25.34227131052923	4.0689982829474385	7.143171584557506	4.211176710873874	-1.8408712792294846	-3.0305378671488734	-3.934579099391308	71.26794839030737
36	19.69083538663245	20.602785410226748	22.449588015989953	7.084426420258898	8.083382584067305	7.171752846296103	-6.392299083717414	-5.527152369255466	-9.088426158185067	89.78746061026534
37	19.803688786712666	21.5176015475057	23.448803088449182	6.358740234926211	4.44249931810471	6.552780992350637	-7.584695704758092	-6.201733646205975	-6.380882277085415	81.95049095484171
38	13.980344658812253	17.50145607865717	18.93785444108691	8.101961726712702	8.115155450664027	6.1737953756527855	1.454426374449568	-3.742144920625698	-1.8279232489465846	69.93288013699309
39	14.16506457428714	14.47932835182697	15.09628944758833	8.21284543154497	8.126464569160644	7.889986820398586	0.756191439256202	3.890781907223557	2.9928573192307044	57.67960594382396
40	15.834129853076137	18.46087703633715	20.55388615175634	4.908457219085297	6.999923655459338	4.910580316150588	-3.00607207374503	-3.846070141337466	-4.1148064988890365	44.904258188552525
41	17.594299411582362	20.09866946159834	20.33445280021891	5.556506769297128	5.390757629581383	6.566749673675013	-1.9516870707367409	-3.2315383009354095	0.5985794316026078	71.44594745012105
42	17.557180698498396	20.489708703020487	21.36705523756314	3.1053262834557116	4.004614558846333	6.090902378761431	0.24388922653684564	0.5773234592499916	-2.532224194302549	68.49375564427702
43	15.316181157286765	20.437197082556555	20.859604180725217	8.219240921016974	5.989000385390894	6.078419995061295	2.0018464088572823	-5.244226853305062	-5.993485686532402	86.31873824211499
44	15.85942773860974	16.3439223284507	16.693015455084332	8.34343689748489	8.38541945026333	8.406359364415819	-4.023752032999971	-3.305299415913538	-3.9136317500692583	67.30973007886426
45	17.404627755877097	19.929344925885985	20.224615796207697	7.26211658465904	6.485515796139838	4.538491100623172	-1.7677844951872355	-4.189106735710269	-2.3597763485511907	73.36345281113454
46	17.22552027318004	21.099740733545378	21.678613230480824	6.335975083993077	6.2656575057925785	5.333991106901085	-2.5465888436748263	-2.8224191728358625	-2.6023601145285746	95.66514413219944
47	17.947141445423178	21.667201612059742	23.67099948310174	8.013588025916658	6.044452372689012	4.977926902745735	-3.027178484375548	-3.2458581533818034	-3.3051176541584355	87.38981404416258
48	19.033001142630155	22.545468930268054	24.305025846430848	4.2730235673262875	7.555216069375103	6.464113387622822	1.2245455720126945	-1.4311574694629068	-0.7306356479519782	71.05608675580399
49	19.44361674939404	23.388157207464502	24.896671965340524	6.265932911036173	3.2567615489141426	2.281437804572818	0.7965019278755178	-0.49621967153388846	-1.6686240580676819	75.65770701619985
50	19.52492409155784	23.31266830955242	24.692800537531078	2.612181641038931	4.367225022308637	6.52977883621311	0.35554060261481735	-0.6645903169493534	0.9044239899281816	86.10914262402136
51	20.354122281941116	27.43949517024837	29.661117779196594	3.5533739061491443	4.549005361255149	3.4698836365628307	1.4901693298891339	-0.5745596422809319	-0.2295930291266971	85.9551014427531
52	23.866464871786846	27.844113534924578	29.746763730747688	1.1142053516429504	0.9564895541830114	3.9050560207234652	0.9830253064398944	1.6948907583567558	0.19194728008728737	147.76485705084806
53	24.111424510111704	28.14205382283393	26.910314285336455	2.1415538514367904	2.175866986180095	6.943079255491244	-0.4626463926678318	1.5625950170711747	-1.782961918315451	154.5516965469487
54	23.808755367142993	28.32374902482577	29.71587335731023	4.324375522709667	6.310087188993437	3.455625488393293	1.3257784813974098	-0.8655473410391294	0.23075896878159494	164.30099339689752
55	25.73902404438802	30.239240027097495	31.714166962652968	0.5298098395977466	3.496596556188972	5.539667652294074	1.872081767461377	0.00253663487403355	3.395143089494413	154.52343179229877
56	25.00653725769858	30.772886323863137	32.496366408369234	0.18825246833526	1.0318288054804237	4.11582407398007	-0.5494720148588779	-1.9550334227591935	-1.2045413766268949	161.85766091922548
57	20.372591146996612	26.691292565393546	28.129389938923726	1.0735733500214795	0.08627647923933701	1.996219233946246	-1.4425840026576036	-0.7471072306399622	0.08648375674787079	156.1480112474088
58	25.951173165190927	30.142052301150404	31.85400521088742	1.6265128726616125	4.361118955176402	4.455661486634664	3.5924168705579955	4.337857344047604	5.334927460163203	89.65833921344218
59	21.235766955941976	24.098482996342902	22.479000611391427	7.056346707262996	7.074193578682066	8.199232337636337	-0.10810653035015971	-2.3130403503304287	-1.4349173808156466	125.27928504476085
60	19.92110575457307	18.591023363136554	23.711167406175655	4.92314887164936	6.983790445804222	5.93946176464591	-3.3464822990848937	-2.5759004237522793	-3.8271911537698586	116.60464974942572
61	19.438527695185932	21.4516267126626	20.777567897137686	6.31797450046326	7.310861663099107	7.33999966282968	-4.402020512283771	-4.629697141624987	-5.0450615219940325	82.7467309269133
62	18.657390624235887	18.65107705504698	18.0761297516551	8.108131367103512	8.098822651360075	7.90566227974765	-4.646162878991792	-2.465134172912838	-0.9500594573011436	63.50805779589194
63	19.1199374480608	23.066406039203187	22.500675936961787	8.2451222625521	7.1233769421888375	7.165601258662562	-3.856762314574958	-4.743830912555671	-5.574890374203905	54.918070444066274
64	20.07838385687979	21.752943817148342	20.261507940300447	7.201977844368085	7.089556839253207	8.162305205871682	-2.8988196476319152	-4.410431076798633	-5.2214142954989695	63.66758431374884
65	19.10035066180148	21.89341149753285	22.70891841542708	7.488085228266207	7.503628565619769	7.241775780483271	-5.23439751564918	-5.744840395404491	-6.5387616160642175	77.66180207801702
66	18.2887549288412	17.46404923230139	20.570866149159492	2.91268733848311	6.2171919781968565	3.044899185452188	-5.954311360704779	-3.1253522498520168	-4.346684953384529	58.663655810721956
67	17.737204280321404	20.448142930593555	21.60245327594923	4.589005290509955	5.287399889220766	4.3825926885422	-1.5348810748644588	-0.577244078927329	1.1302397664726924	73.68434754899495
68	18.36914621836662	23.397298750613594	24.896976463846816	1.2619942954338421	1.521391215621103	0.5409222595653159	0.4339552805335626	-1.018567649277332	-0.5214552809778968	83.48258140205544
69	20.830768473368984	25.588773320381737	27.048740141323663	1.0495061083835824	4.947024238769964	2.023502041547139	-0.7969469813655741	-2.776688574585818	-2.0713588174974107	97.2787476647127
70	19.23090946973837	21.0287879763414	27.12139553438279	8.42612586704133	7.379855883078059	1.2500632703280739	-0.31436473432695744	0.6597483532184205	0.30902262584940665	116.37007591899521
71	23.849937179670025	30.522560346041974	32.22280950433685	1.4631793029764584	3.4901147106271626	5.3143498163900915	2.4721509970846576	1.6496775249424709	1.1432419376587404	78.43133869567998
72	21.041443085698376	23.778176165640154	26.44975573967504	7.979707504594206	5.032112460919279	4.012844924099693	-0.9451800759290893	-1.7690136339479718	-3.2503885046048224	114.98200099847915
73	18.946935489668196	21.003225683334577	19.1297109777615	7.150454946243743	6.963153987669766	7.985882694042512	-5.139910837007722	-5.456837546473849	-2.266540996304994	86.56529357104283
74	18.505321503587183	22.006546048763003	24.70729488732858	7.532407064727242	5.496298972170033	5.409618944021764	-2.7630341054540795	-1.7682632483834135	-3.388620086854093	70.52298830809188
75	20.527028860328087	24.81829383467109	27.127408691639484	0.9535556486644506	1.0611346505877404	2.15451738679912	1.2887527764060216	0.7712251235922296	-2.070926826418458	75.27466075554241
76	21.637628220444828	27.203677849556307	28.551139353681624	6.2540507370488605	6.2072207273907205	4.205264462359983	1.432897944161193	1.93247135790898	1.9752352246860272	114.10891285464719
77	23.35799710779204	28.988767828633133	30.791635196465148	5.355709199772302	3.520972252613734	3.4893597818808235	0.6853124528362627	-1.4530675735309038	-1.235022210047062	122.18741932352683
78	19.709583943948296	27.213226506242204	30.983481711844956	4.091946300108168	0.14835298903684024	1.1487035220082558	0.5181376965357555	-0.6323974564302275	0.6187148763033608	132.85179275522623
79	25.22359701485815	33.6427047413328	35.75144405302394	1.146495370195188	1.2038563003307674	1.0105917130546676	1.0995214695762143	0.8216749397681873	-1.7997058281640808	167.0254528740669
80	20.115099237699553	22.704056164248176	27.671861105660255	8.117572759542456	8.201449731931051	5.967465497033726	1.4001880239993223	-1.8001422580003132	-0.8231105231806783	159.85876928812988
81	21.566231491136424	26.980233570012736	26.965021709427	7.5693529930653405	4.494322868940803	5.472015674847933	3.7045736499227546	3.331695477034709	1.6918418819099101	102.9939526487657
82	21.483219549421435	24.921946768053104	27.39201162406792	1.2794544264274028	6.52675576797835	3.247286924731125	4.509312098761684	4.456116657720252	4.31208522901843	116.92597282879733
83	17.393156290799592	18.72192571184623	21.304056470917736	7.604739073029509	7.269018448204632	7.3963167362276705	-1.533859076810965	0.08730160604122894	2.5301757626600914	116.78336615143115
84	17.61304407575401	18.68493255852661	19.029022897560065	6.991806232877587	7.048519106607766	7.070226384548748	-3.227679705841105	-3.7784847346485972	-1.6898784507800793	103.30310978662077
85	16.78961763481649	20.42988733196475	20.528854310268688	4.88214350092223	7.160815681540003	6.138625094016703	-4.237081918830374	-5.152558995594178	-4.444470634568598	77.87425018715466
86	18.29461219408978	20.972303135832657	22.005875544703926	5.635758629481527	5.354153875929958	3.3605978097409555	0.3906870537305157	1.2056446178103761	0.34398578938928775	65.35916401140496
87	18.003649832086747	23.47743807684402	25.206495221615967	4.5886203616267895	5.3189852665880775	6.435539702560292	-2.4135123883877183	-2.3691070022093266	-1.706379222218911	84.78005414113505
88	15.867489958934053	17.357322169135088	19.92919889954576	8.551709093661364	7.37134972974403	5.3129408725072675	-1.461053766153219	-1.2696150021423558	-1.9274484120587991	83.03564242340904
89	16.533385863247414	19.88582364033237	20.25456504401082	7.567167006804139	5.561114803498721	3.5331589826264214	-5.754772333429693	0.569072250818963	-1.0364222844991238	60.30446334994265
90	16.746380619414165	19.328275044057126	19.841512633853135	2.3683668875965824	5.462757784149426	6.5417958359472665	-0.7151378026945341	-0.5731457472134192	2.2203237784497762	76.4585861568246
91	18.682261275574643	18.996406662916037	19.486613425710182	7.550764186030564	7.229491148972777	7.306908467712558	-3.586793794109494	-1.544707173696231	-1.0913618374254734	69.29845645118661
92	17.614470188301866	21.798413593618466	23.546453642875026	6.2819590278081785	5.321886304264338	7.307507240528718	-1.166730094355997	-3.1035233223361987	-2.4652423502314447	62.757823472646905
93	17.86843188224041	20.48690984898575	20.221621570780474	7.341046573910433	8.401322149095755	8.465960289575682	-4.13013976572199	-5.550766778398937	-3.6837224339327266	72.85251865771625
94	14.4103431214146	22.030655325374603	22.246666783230303	4.9183877544665835	5.1382701124386205	5.907981129239018	-0.8828774202861475	-5.044498852116924	-4.777285085456419	63.167314776038786
95	15.71310544484118	18.63979139741056	18.98076579360728	8.123921246413294	7.141244694989741	6.981922327877181	-4.411697890501358	-6.807101789763327	-7.349680229292451	79.2853597181484
96	15.520547566319113	18.758272901418078	19.257353643770543	6.399166544045062	5.454654644158222	1.28640244685689	-0.6753333593906323	-0.7493733687527326	-0.6325621392251415	77.90637110160715
97	17.579186383627665	18.484857411218535	18.517821512497566	6.626579098004082	7.3157088593652775	8.401837220483621	-4.7706495874475605	-2.1532705610942617	-0.7060127786609859	76.36774375168908
98	15.730161162966702	18.63412035873805	17.40300930598964	4.434989387542306	5.535697296656369	5.54658115291836	-3.4845647403862237	0.4134782703310482	2.042942100199739	72.11079275494919
99	14.079238172216593	14.507227832115184	16.87001335741435	4.460844595742606	5.286733498423116	4.460009060289957	0.34172403168412113	3.84825128017445	0.49993657582527706	77.32026563061584
100	12.807979159889396	14.557473648320018	14.891849828251145	8.20559905866234	7.129029591782813	6.969157677013394	-2.5487415950796377	-3.166581619035191	-2.416067523160036	62.59091168090988
101	15.174146413658239	16.964185820904458	16.74597823114159	7.5196181626197465	7.296978024398366	7.481111636332715	-4.025807420109597	-5.507627181220788	-4.843044075323082	48.07074806195089
102	15.684028397998187	18.20771841826276	17.28116645309014	7.213310731611228	7.181873551744543	5.894248133639531	-3.960801183357124	-2.8142127889583066	0.12869611854085294	66.22509681380463
103	11.289293525878621	19.61902097062173	20.388213573677454	2.9353897703423666	3.0319779993570863	3.2020166221508264	0.06831002863774244	3.70869432645017	3.958019548849233	70.04584853137746
104	15.081328996776753	19.972974450605946	20.12957052784553	1.9888161824267592	2.215751417725431	1.9663464108481972	3.9014495362066337	5.134559203355129	4.460311964245207	97.5435510192598
105	14.913953467195945	17.61353175456345	18.138006925754258	0.8875429185364023	4.0371005864007135	6.123762137735107	5.1096681765933525	5.226056553973313	3.5764804015472533	97.21401589602765
106	13.246398631036394	17.803667586917694	17.673366970752344	7.1010716015823006	6.970794807315508	6.171671403479366	-0.9721758693031861	-0.5622879402629392	-0.46177654068091123	91.72267797026213
107	13.63824605309177	18.229864856743394	18.52468100564785	3.314969893817352	5.359629980006962	6.407662427727056	0.41786467502094315	-0.6721829826192396	-0.837242002590358	82.36163788654358
108	16.567781374190048	21.558615700831254	22.884263016911287	6.356412323463368	5.329511196336077	5.32411113697135	-0.09780628878121644	-1.6531125916644456	-1.0876558516714572	73.91894602701822
109	16.95547816606078	23.114515895549072	22.40453871425881	6.2507116715234075	4.199787664618604	6.9828435799583035	1.6379916718800032	0.9587385111235003	0.7622964037842461	78.27783621272884
110	17.384605297808132	20.454071479018033	22.92262737184794	6.373745363834105	5.296754992389903	3.5596029790122214	-3.382518303354561	-3.478939634731886	-3.3644475143218955	105.73018656906477
111	16.055247858469055	19.491989224668146	21.36054177668118	7.397964084413034	7.540707609888908	7.444038524824253	0.5602318824001375	-0.6939676746574597	-3.5511881954100315	89.63350565986444
